Area Name,Type,Value
Darlington,Tenure: All households; measures: Value,46670
County Durham,Tenure: All households; measures: Value,223803
Hartlepool,Tenure: All households; measures: Value,40434
Middlesbrough,Tenure: All households; measures: Value,57203
Northumberland,Tenure: All households; measures: Value,138534
Redcar and Cleveland,Tenure: All households; measures: Value,59605
Stockton-on-Tees,Tenure: All households; measures: Value,79159
Gateshead,Tenure: All households; measures: Value,89154
Newcastle upon Tyne,Tenure: All households; measures: Value,117153
North Tyneside,Tenure: All households; measures: Value,91295
South Tyneside,Tenure: All households; measures: Value,67167
Sunderland,Tenure: All households; measures: Value,119758
Blackburn with Darwen,Tenure: All households; measures: Value,57353
Blackpool,Tenure: All households; measures: Value,64367
Cheshire East,Tenure: All households; measures: Value,159441
Cheshire West and Chester,Tenure: All households; measures: Value,141442
Halton,Tenure: All households; measures: Value,53312
Warrington,Tenure: All households; measures: Value,85140
Cumbria,Tenure: All households; measures: Value,222042
Bolton,Tenure: All households; measures: Value,116371
Bury,Tenure: All households; measures: Value,78113
Manchester,Tenure: All households; measures: Value,204969
Oldham,Tenure: All households; measures: Value,89703
Rochdale,Tenure: All households; measures: Value,87552
Salford,Tenure: All households; measures: Value,103556
Stockport,Tenure: All households; measures: Value,121979
Tameside,Tenure: All households; measures: Value,94953
Trafford,Tenure: All households; measures: Value,94484
Wigan,Tenure: All households; measures: Value,136386
Lancashire,Tenure: All households; measures: Value,496299
Knowsley,Tenure: All households; measures: Value,61323
Liverpool,Tenure: All households; measures: Value,206515
Sefton,Tenure: All households; measures: Value,117930
St. Helens,Tenure: All households; measures: Value,75736
Wirral,Tenure: All households; measures: Value,140583
East Riding of Yorkshire,Tenure: All households; measures: Value,143032
"Kingston upon Hull, City of",Tenure: All households; measures: Value,112596
North East Lincolnshire,Tenure: All households; measures: Value,69707
North Lincolnshire,Tenure: All households; measures: Value,70684
York,Tenure: All households; measures: Value,83552
North Yorkshire,Tenure: All households; measures: Value,256594
Barnsley,Tenure: All households; measures: Value,100734
Doncaster,Tenure: All households; measures: Value,126487
Rotherham,Tenure: All households; measures: Value,108293
Sheffield,Tenure: All households; measures: Value,229928
Bradford,Tenure: All households; measures: Value,199296
Calderdale,Tenure: All households; measures: Value,88621
Kirklees,Tenure: All households; measures: Value,173525
Leeds,Tenure: All households; measures: Value,320596
Wakefield,Tenure: All households; measures: Value,140414
Derby,Tenure: All households; measures: Value,102271
Leicester,Tenure: All households; measures: Value,123125
Nottingham,Tenure: All households; measures: Value,126131
Rutland,Tenure: All households; measures: Value,15002
Derbyshire,Tenure: All households; measures: Value,332637
Leicestershire,Tenure: All households; measures: Value,267434
Lincolnshire,Tenure: All households; measures: Value,306971
Northamptonshire,Tenure: All households; measures: Value,287730
Nottinghamshire,Tenure: All households; measures: Value,334303
"Herefordshire, County of",Tenure: All households; measures: Value,78319
Shropshire,Tenure: All households; measures: Value,129674
Stoke-on-Trent,Tenure: All households; measures: Value,107575
Telford and Wrekin,Tenure: All households; measures: Value,66608
Staffordshire,Tenure: All households; measures: Value,355263
Warwickshire,Tenure: All households; measures: Value,231005
Birmingham,Tenure: All households; measures: Value,410736
Coventry,Tenure: All households; measures: Value,128592
Dudley,Tenure: All households; measures: Value,129867
Sandwell,Tenure: All households; measures: Value,121498
Solihull,Tenure: All households; measures: Value,86056
Walsall,Tenure: All households; measures: Value,107822
Wolverhampton,Tenure: All households; measures: Value,102177
Worcestershire,Tenure: All households; measures: Value,239717
Bedford,Tenure: All households; measures: Value,63812
Central Bedfordshire,Tenure: All households; measures: Value,104399
Luton,Tenure: All households; measures: Value,74293
Peterborough,Tenure: All households; measures: Value,74023
Southend-on-Sea,Tenure: All households; measures: Value,74678
Thurrock,Tenure: All households; measures: Value,62353
Cambridgeshire,Tenure: All households; measures: Value,251241
Essex,Tenure: All households; measures: Value,581589
Hertfordshire,Tenure: All households; measures: Value,453817
Norfolk,Tenure: All households; measures: Value,372085
Suffolk,Tenure: All households; measures: Value,310745
Camden,Tenure: All households; measures: Value,97534
City of London,Tenure: All households; measures: Value,4385
Hackney,Tenure: All households; measures: Value,101690
Hammersmith and Fulham,Tenure: All households; measures: Value,80590
Haringey,Tenure: All households; measures: Value,101955
Islington,Tenure: All households; measures: Value,93556
Kensington and Chelsea,Tenure: All households; measures: Value,78536
Lambeth,Tenure: All households; measures: Value,130017
Lewisham,Tenure: All households; measures: Value,116091
Newham,Tenure: All households; measures: Value,101519
Southwark,Tenure: All households; measures: Value,120422
Tower Hamlets,Tenure: All households; measures: Value,101257
Wandsworth,Tenure: All households; measures: Value,130493
Westminster,Tenure: All households; measures: Value,105772
Barking and Dagenham,Tenure: All households; measures: Value,69681
Barnet,Tenure: All households; measures: Value,135916
Bexley,Tenure: All households; measures: Value,92604
Brent,Tenure: All households; measures: Value,110286
Bromley,Tenure: All households; measures: Value,130862
Croydon,Tenure: All households; measures: Value,145010
Ealing,Tenure: All households; measures: Value,124082
Enfield,Tenure: All households; measures: Value,119916
Greenwich,Tenure: All households; measures: Value,101045
Harrow,Tenure: All households; measures: Value,84268
Havering,Tenure: All households; measures: Value,97199
Hillingdon,Tenure: All households; measures: Value,100214
Hounslow,Tenure: All households; measures: Value,94902
Kingston upon Thames,Tenure: All households; measures: Value,63639
Merton,Tenure: All households; measures: Value,78757
Redbridge,Tenure: All households; measures: Value,99105
Richmond upon Thames,Tenure: All households; measures: Value,79835
Sutton,Tenure: All households; measures: Value,78174
Waltham Forest,Tenure: All households; measures: Value,96861
Bracknell Forest,Tenure: All households; measures: Value,45878
Brighton and Hove,Tenure: All households; measures: Value,121540
Isle of Wight,Tenure: All households; measures: Value,61085
Medway,Tenure: All households; measures: Value,106209
Milton Keynes,Tenure: All households; measures: Value,98584
Portsmouth,Tenure: All households; measures: Value,85473
Reading,Tenure: All households; measures: Value,62869
Slough,Tenure: All households; measures: Value,50766
Southampton,Tenure: All households; measures: Value,98254
West Berkshire,Tenure: All households; measures: Value,62340
Windsor and Maidenhead,Tenure: All households; measures: Value,58349
Wokingham,Tenure: All households; measures: Value,60332
Buckinghamshire,Tenure: All households; measures: Value,200727
East Sussex,Tenure: All households; measures: Value,231905
Hampshire,Tenure: All households; measures: Value,545254
Kent,Tenure: All households; measures: Value,605638
Oxfordshire,Tenure: All households; measures: Value,258855
Surrey,Tenure: All households; measures: Value,455791
West Sussex,Tenure: All households; measures: Value,345614
Bath and North East Somerset,Tenure: All households; measures: Value,73515
Bournemouth,Tenure: All households; measures: Value,82374
"Bristol, City of",Tenure: All households; measures: Value,182747
Cornwall,Tenure: All households; measures: Value,230389
Isles of Scilly,Tenure: All households; measures: Value,989
North Somerset,Tenure: All households; measures: Value,88227
Plymouth,Tenure: All households; measures: Value,109307
Poole,Tenure: All households; measures: Value,63530
South Gloucestershire,Tenure: All households; measures: Value,107538
Swindon,Tenure: All households; measures: Value,88360
Torbay,Tenure: All households; measures: Value,59010
Wiltshire,Tenure: All households; measures: Value,194194
Devon,Tenure: All households; measures: Value,322644
Dorset,Tenure: All households; measures: Value,180213
Gloucestershire,Tenure: All households; measures: Value,254615
Somerset,Tenure: All households; measures: Value,226989
Isle of Anglesey,Tenure: All households; measures: Value,30594
Gwynedd,Tenure: All households; measures: Value,52473
Conwy,Tenure: All households; measures: Value,51177
Denbighshire,Tenure: All households; measures: Value,40546
Flintshire,Tenure: All households; measures: Value,63781
Wrexham,Tenure: All households; measures: Value,57029
Powys,Tenure: All households; measures: Value,58345
Ceredigion,Tenure: All households; measures: Value,31562
Pembrokeshire,Tenure: All households; measures: Value,53122
Carmarthenshire,Tenure: All households; measures: Value,78829
Swansea,Tenure: All households; measures: Value,103497
Neath Port Talbot,Tenure: All households; measures: Value,60393
Bridgend,Tenure: All households; measures: Value,58515
Vale of Glamorgan,Tenure: All households; measures: Value,53505
Cardiff,Tenure: All households; measures: Value,142557
Rhondda Cynon Taff,Tenure: All households; measures: Value,99663
Merthyr Tydfil,Tenure: All households; measures: Value,24264
Caerphilly,Tenure: All households; measures: Value,74479
Blaenau Gwent,Tenure: All households; measures: Value,30416
Torfaen,Tenure: All households; measures: Value,38524
Monmouthshire,Tenure: All households; measures: Value,38233
Newport,Tenure: All households; measures: Value,61172
Aberdeen City,Tenure: All households; measures: Value,103371
Aberdeenshire,Tenure: All households; measures: Value,104714
Angus,Tenure: All households; measures: Value,51616
Argyll and Bute,Tenure: All households; measures: Value,40125
Clackmannanshire,Tenure: All households; measures: Value,22734
Dumfries and Galloway,Tenure: All households; measures: Value,67980
Dundee City,Tenure: All households; measures: Value,69193
East Ayrshire,Tenure: All households; measures: Value,53919
East Dunbartonshire,Tenure: All households; measures: Value,43473
East Lothian,Tenure: All households; measures: Value,42905
East Renfrewshire,Tenure: All households; measures: Value,37225
City of Edinburgh,Tenure: All households; measures: Value,223051
Na h-Eileanan Siar,Tenure: All households; measures: Value,12576
Falkirk,Tenure: All households; measures: Value,68732
Fife,Tenure: All households; measures: Value,160952
Glasgow City,Tenure: All households; measures: Value,285693
Highland,Tenure: All households; measures: Value,102091
Inverclyde,Tenure: All households; measures: Value,37434
Midlothian,Tenure: All households; measures: Value,34978
Moray,Tenure: All households; measures: Value,40062
North Ayrshire,Tenure: All households; measures: Value,62498
North Lanarkshire,Tenure: All households; measures: Value,145998
Orkney Islands,Tenure: All households; measures: Value,9725
Perth and Kinross,Tenure: All households; measures: Value,64777
Renfrewshire,Tenure: All households; measures: Value,80902
Scottish Borders,Tenure: All households; measures: Value,52498
Shetland Islands,Tenure: All households; measures: Value,9950
South Ayrshire,Tenure: All households; measures: Value,51286
South Lanarkshire,Tenure: All households; measures: Value,139188
Stirling,Tenure: All households; measures: Value,37566
West Dunbartonshire,Tenure: All households; measures: Value,42167
West Lothian,Tenure: All households; measures: Value,73398
Antrim,Tenure: All households; measures: Value,20064
Ards,Tenure: All households; measures: Value,31514
Armagh,Tenure: All households; measures: Value,21594
Ballymena,Tenure: All households; measures: Value,24817
Ballymoney,Tenure: All households; measures: Value,11508
Banbridge,Tenure: All households; measures: Value,18303
Belfast,Tenure: All households; measures: Value,120595
Carrickfergus,Tenure: All households; measures: Value,16200
Castlereagh,Tenure: All households; measures: Value,27733
Coleraine,Tenure: All households; measures: Value,23508
Cookstown,Tenure: All households; measures: Value,12904
Craigavon,Tenure: All households; measures: Value,35931
Derry,Tenure: All households; measures: Value,40779
Down,Tenure: All households; measures: Value,26206
Dungannon,Tenure: All households; measures: Value,20270
Fermanagh,Tenure: All households; measures: Value,23069
Larne,Tenure: All households; measures: Value,13297
Limavady,Tenure: All households; measures: Value,12098
Lisburn,Tenure: All households; measures: Value,45723
Magherafelt,Tenure: All households; measures: Value,15037
Moyle,Tenure: All households; measures: Value,6608
Newry and Mourne,Tenure: All households; measures: Value,35031
Newtownabbey,Tenure: All households; measures: Value,33971
North Down,Tenure: All households; measures: Value,33255
Omagh,Tenure: All households; measures: Value,18443
Strabane,Tenure: All households; measures: Value,14817
Darlington,Tenure: Owned; measures: Value,30289
County Durham,Tenure: Owned; measures: Value,147347
Hartlepool,Tenure: Owned; measures: Value,24194
Middlesbrough,Tenure: Owned; measures: Value,32723
Northumberland,Tenure: Owned; measures: Value,91207
Redcar and Cleveland,Tenure: Owned; measures: Value,39705
Stockton-on-Tees,Tenure: Owned; measures: Value,54225
Gateshead,Tenure: Owned; measures: Value,51915
Newcastle upon Tyne,Tenure: Owned; measures: Value,57955
North Tyneside,Tenure: Owned; measures: Value,59136
South Tyneside,Tenure: Owned; measures: Value,38333
Sunderland,Tenure: Owned; measures: Value,71566
Blackburn with Darwen,Tenure: Owned; measures: Value,36793
Blackpool,Tenure: Owned; measures: Value,39650
Cheshire East,Tenure: Owned; measures: Value,118766
Cheshire West and Chester,Tenure: Owned; measures: Value,100105
Halton,Tenure: Owned; measures: Value,33796
Warrington,Tenure: Owned; measures: Value,60915
Cumbria,Tenure: Owned; measures: Value,157050
Bolton,Tenure: Owned; measures: Value,74170
Bury,Tenure: Owned; measures: Value,54395
Manchester,Tenure: Owned; measures: Value,77395
Oldham,Tenure: Owned; measures: Value,58259
Rochdale,Tenure: Owned; measures: Value,54149
Salford,Tenure: Owned; measures: Value,52126
Stockport,Tenure: Owned; measures: Value,89316
Tameside,Tenure: Owned; measures: Value,60558
Trafford,Tenure: Owned; measures: Value,65440
Wigan,Tenure: Owned; measures: Value,92559
Lancashire,Tenure: Owned; measures: Value,352347
Knowsley,Tenure: Owned; measures: Value,37896
Liverpool,Tenure: Owned; measures: Value,96947
Sefton,Tenure: Owned; measures: Value,83137
St. Helens,Tenure: Owned; measures: Value,50952
Wirral,Tenure: Owned; measures: Value,94843
East Riding of Yorkshire,Tenure: Owned; measures: Value,107706
"Kingston upon Hull, City of",Tenure: Owned; measures: Value,55785
North East Lincolnshire,Tenure: Owned; measures: Value,46070
North Lincolnshire,Tenure: Owned; measures: Value,49137
York,Tenure: Owned; measures: Value,55227
North Yorkshire,Tenure: Owned; measures: Value,178684
Barnsley,Tenure: Owned; measures: Value,64807
Doncaster,Tenure: Owned; measures: Value,82760
Rotherham,Tenure: Owned; measures: Value,70610
Sheffield,Tenure: Owned; measures: Value,134127
Bradford,Tenure: Owned; measures: Value,129550
Calderdale,Tenure: Owned; measures: Value,58981
Kirklees,Tenure: Owned; measures: Value,116361
Leeds,Tenure: Owned; measures: Value,186467
Wakefield,Tenure: Owned; measures: Value,89291
Derby,Tenure: Owned; measures: Value,62765
Leicester,Tenure: Owned; measures: Value,61170
Nottingham,Tenure: Owned; measures: Value,56867
Rutland,Tenure: Owned; measures: Value,10556
Derbyshire,Tenure: Owned; measures: Value,236049
Leicestershire,Tenure: Owned; measures: Value,202431
Lincolnshire,Tenure: Owned; measures: Value,210389
Northamptonshire,Tenure: Owned; measures: Value,195149
Nottinghamshire,Tenure: Owned; measures: Value,239289
"Herefordshire, County of",Tenure: Owned; measures: Value,53014
Shropshire,Tenure: Owned; measures: Value,89688
Stoke-on-Trent,Tenure: Owned; measures: Value,63928
Telford and Wrekin,Tenure: Owned; measures: Value,42417
Staffordshire,Tenure: Owned; measures: Value,256884
Warwickshire,Tenure: Owned; measures: Value,161804
Birmingham,Tenure: Owned; measures: Value,226616
Coventry,Tenure: Owned; measures: Value,77880
Dudley,Tenure: Owned; measures: Value,89304
Sandwell,Tenure: Owned; measures: Value,69135
Solihull,Tenure: Owned; measures: Value,63559
Walsall,Tenure: Owned; measures: Value,67265
Wolverhampton,Tenure: Owned; measures: Value,57812
Worcestershire,Tenure: Owned; measures: Value,169788
Bedford,Tenure: Owned; measures: Value,41937
Central Bedfordshire,Tenure: Owned; measures: Value,75743
Luton,Tenure: Owned; measures: Value,44696
Peterborough,Tenure: Owned; measures: Value,43877
Southend-on-Sea,Tenure: Owned; measures: Value,48666
Thurrock,Tenure: Owned; measures: Value,41278
Cambridgeshire,Tenure: Owned; measures: Value,165853
Essex,Tenure: Owned; measures: Value,414702
Hertfordshire,Tenure: Owned; measures: Value,303276
Norfolk,Tenure: Owned; measures: Value,248840
Suffolk,Tenure: Owned; measures: Value,208993
Camden,Tenure: Owned; measures: Value,31368
City of London,Tenure: Owned; measures: Value,1855
Hackney,Tenure: Owned; measures: Value,24179
Hammersmith and Fulham,Tenure: Owned; measures: Value,27397
Haringey,Tenure: Owned; measures: Value,39603
Islington,Tenure: Owned; measures: Value,26564
Kensington and Chelsea,Tenure: Owned; measures: Value,28007
Lambeth,Tenure: Owned; measures: Value,42885
Lewisham,Tenure: Owned; measures: Value,49228
Newham,Tenure: Owned; measures: Value,33822
Southwark,Tenure: Owned; measures: Value,35330
Tower Hamlets,Tenure: Owned; measures: Value,24552
Wandsworth,Tenure: Owned; measures: Value,59393
Westminster,Tenure: Owned; measures: Value,32287
Barking and Dagenham,Tenure: Owned; measures: Value,32324
Barnet,Tenure: Owned; measures: Value,78350
Bexley,Tenure: Owned; measures: Value,67154
Brent,Tenure: Owned; measures: Value,47324
Bromley,Tenure: Owned; measures: Value,92785
Croydon,Tenure: Owned; measures: Value,85230
Ealing,Tenure: Owned; measures: Value,63420
Enfield,Tenure: Owned; measures: Value,69462
Greenwich,Tenure: Owned; measures: Value,43719
Harrow,Tenure: Owned; measures: Value,55001
Havering,Tenure: Owned; measures: Value,71698
Hillingdon,Tenure: Owned; measures: Value,63011
Hounslow,Tenure: Owned; measures: Value,47562
Kingston upon Thames,Tenure: Owned; measures: Value,40762
Merton,Tenure: Owned; measures: Value,46689
Redbridge,Tenure: Owned; measures: Value,62983
Richmond upon Thames,Tenure: Owned; measures: Value,50750
Sutton,Tenure: Owned; measures: Value,53152
Waltham Forest,Tenure: Owned; measures: Value,48361
Bracknell Forest,Tenure: Owned; measures: Value,31419
Brighton and Hove,Tenure: Owned; measures: Value,64790
Isle of Wight,Tenure: Owned; measures: Value,42817
Medway,Tenure: Owned; measures: Value,71853
Milton Keynes,Tenure: Owned; measures: Value,56913
Portsmouth,Tenure: Owned; measures: Value,46897
Reading,Tenure: Owned; measures: Value,34479
Slough,Tenure: Owned; measures: Value,26755
Southampton,Tenure: Owned; measures: Value,48873
West Berkshire,Tenure: Owned; measures: Value,43435
Windsor and Maidenhead,Tenure: Owned; measures: Value,39676
Wokingham,Tenure: Owned; measures: Value,48103
Buckinghamshire,Tenure: Owned; measures: Value,144852
East Sussex,Tenure: Owned; measures: Value,160557
Hampshire,Tenure: Owned; measures: Value,389765
Kent,Tenure: Owned; measures: Value,407570
Oxfordshire,Tenure: Owned; measures: Value,169528
Surrey,Tenure: Owned; measures: Value,332184
West Sussex,Tenure: Owned; measures: Value,244051
Bath and North East Somerset,Tenure: Owned; measures: Value,49068
Bournemouth,Tenure: Owned; measures: Value,47057
"Bristol, City of",Tenure: Owned; measures: Value,98708
Cornwall,Tenure: Owned; measures: Value,158524
Isles of Scilly,Tenure: Owned; measures: Value,412
North Somerset,Tenure: Owned; measures: Value,64365
Plymouth,Tenure: Owned; measures: Value,64157
Poole,Tenure: Owned; measures: Value,44702
South Gloucestershire,Tenure: Owned; measures: Value,80586
Swindon,Tenure: Owned; measures: Value,57902
Torbay,Tenure: Owned; measures: Value,39424
Wiltshire,Tenure: Owned; measures: Value,131083
Devon,Tenure: Owned; measures: Value,226481
Dorset,Tenure: Owned; measures: Value,129837
Gloucestershire,Tenure: Owned; measures: Value,176743
Somerset,Tenure: Owned; measures: Value,157909
Isle of Anglesey,Tenure: Owned; measures: Value,20971
Gwynedd,Tenure: Owned; measures: Value,34324
Conwy,Tenure: Owned; measures: Value,35501
Denbighshire,Tenure: Owned; measures: Value,27792
Flintshire,Tenure: Owned; measures: Value,46451
Wrexham,Tenure: Owned; measures: Value,36272
Powys,Tenure: Owned; measures: Value,40090
Ceredigion,Tenure: Owned; measures: Value,21323
Pembrokeshire,Tenure: Owned; measures: Value,36558
Carmarthenshire,Tenure: Owned; measures: Value,56326
Swansea,Tenure: Owned; measures: Value,66259
Neath Port Talbot,Tenure: Owned; measures: Value,41479
Bridgend,Tenure: Owned; measures: Value,42348
Vale of Glamorgan,Tenure: Owned; measures: Value,38647
Cardiff,Tenure: Owned; measures: Value,84262
Rhondda Cynon Taff,Tenure: Owned; measures: Value,70760
Merthyr Tydfil,Tenure: Owned; measures: Value,15843
Caerphilly,Tenure: Owned; measures: Value,51632
Blaenau Gwent,Tenure: Owned; measures: Value,18884
Torfaen,Tenure: Owned; measures: Value,25518
Monmouthshire,Tenure: Owned; measures: Value,28142
Newport,Tenure: Owned; measures: Value,39272
Aberdeen City,Tenure: Owned; measures: Value,58461
Aberdeenshire,Tenure: Owned; measures: Value,75653
Angus,Tenure: Owned; measures: Value,33361
Argyll and Bute,Tenure: Owned; measures: Value,26520
Clackmannanshire,Tenure: Owned; measures: Value,14040
Dumfries and Galloway,Tenure: Owned; measures: Value,43325
Dundee City,Tenure: Owned; measures: Value,34580
East Ayrshire,Tenure: Owned; measures: Value,33338
East Dunbartonshire,Tenure: Owned; measures: Value,35291
East Lothian,Tenure: Owned; measures: Value,27844
East Renfrewshire,Tenure: Owned; measures: Value,30431
City of Edinburgh,Tenure: Owned; measures: Value,131477
Na h-Eileanan Siar,Tenure: Owned; measures: Value,9171
Falkirk,Tenure: Owned; measures: Value,44318
Fife,Tenure: Owned; measures: Value,103697
Glasgow City,Tenure: Owned; measures: Value,128436
Highland,Tenure: Owned; measures: Value,67835
Inverclyde,Tenure: Owned; measures: Value,22981
Midlothian,Tenure: Owned; measures: Value,22593
Moray,Tenure: Owned; measures: Value,26314
North Ayrshire,Tenure: Owned; measures: Value,38736
North Lanarkshire,Tenure: Owned; measures: Value,88502
Orkney Islands,Tenure: Owned; measures: Value,6758
Perth and Kinross,Tenure: Owned; measures: Value,42211
Renfrewshire,Tenure: Owned; measures: Value,52212
Scottish Borders,Tenure: Owned; measures: Value,32121
Shetland Islands,Tenure: Owned; measures: Value,6436
South Ayrshire,Tenure: Owned; measures: Value,35312
South Lanarkshire,Tenure: Owned; measures: Value,94761
Stirling,Tenure: Owned; measures: Value,24734
West Dunbartonshire,Tenure: Owned; measures: Value,23141
West Lothian,Tenure: Owned; measures: Value,46228
Antrim,Tenure: Owned; measures: Value,14243
Ards,Tenure: Owned; measures: Value,23064
Armagh,Tenure: Owned; measures: Value,15867
Ballymena,Tenure: Owned; measures: Value,17722
Ballymoney,Tenure: Owned; measures: Value,8054
Banbridge,Tenure: Owned; measures: Value,13466
Belfast,Tenure: Owned; measures: Value,62301
Carrickfergus,Tenure: Owned; measures: Value,11628
Castlereagh,Tenure: Owned; measures: Value,20695
Coleraine,Tenure: Owned; measures: Value,15426
Cookstown,Tenure: Owned; measures: Value,9406
Craigavon,Tenure: Owned; measures: Value,23657
Derry,Tenure: Owned; measures: Value,23374
Down,Tenure: Owned; measures: Value,18575
Dungannon,Tenure: Owned; measures: Value,13949
Fermanagh,Tenure: Owned; measures: Value,16713
Larne,Tenure: Owned; measures: Value,9564
Limavady,Tenure: Owned; measures: Value,8330
Lisburn,Tenure: Owned; measures: Value,32322
Magherafelt,Tenure: Owned; measures: Value,11051
Moyle,Tenure: Owned; measures: Value,4453
Newry and Mourne,Tenure: Owned; measures: Value,24436
Newtownabbey,Tenure: Owned; measures: Value,24954
North Down,Tenure: Owned; measures: Value,24749
Omagh,Tenure: Owned; measures: Value,12885
Strabane,Tenure: Owned; measures: Value,9623
Darlington,Owns Outright,13810
County Durham,Owns Outright,69435
Hartlepool,Owns Outright,11090
Middlesbrough,Owns Outright,15200
Northumberland,Owns Outright,46086
Redcar and Cleveland,Owns Outright,19806
Stockton-on-Tees,Owns Outright,23285
Gateshead,Owns Outright,23081
Newcastle upon Tyne,Owns Outright,26258
North Tyneside,Owns Outright,25611
South Tyneside,Owns Outright,17003
Sunderland,Owns Outright,32419
Blackburn with Darwen,Owns Outright,18039
Blackpool,Owns Outright,19318
Cheshire East,Owns Outright,59846
Cheshire West and Chester,Owns Outright,49129
Halton,Owns Outright,14436
Warrington,Owns Outright,27206
Cumbria,Owns Outright,87019
Bolton,Owns Outright,35378
Bury,Owns Outright,24839
Manchester,Owns Outright,31145
Oldham,Owns Outright,27193
Rochdale,Owns Outright,24334
Salford,Owns Outright,22603
Stockport,Owns Outright,42761
Tameside,Owns Outright,26688
Trafford,Owns Outright,30322
Wigan,Owns Outright,42446
Lancashire,Owns Outright,177209
Knowsley,Owns Outright,16032
Liverpool,Owns Outright,43803
Sefton,Owns Outright,42334
St. Helens,Owns Outright,25215
Wirral,Owns Outright,46806
East Riding of Yorkshire,Owns Outright,56140
"Kingston upon Hull, City of",Owns Outright,22355
North East Lincolnshire,Owns Outright,21497
North Lincolnshire,Owns Outright,23355
York,Owns Outright,28351
North Yorkshire,Owns Outright,98525
Barnsley,Owns Outright,30778
Doncaster,Owns Outright,39253
Rotherham,Owns Outright,33031
Sheffield,Owns Outright,62329
Bradford,Owns Outright,58487
Calderdale,Owns Outright,27671
Kirklees,Owns Outright,55569
Leeds,Owns Outright,83385
Wakefield,Owns Outright,40766
Derby,Owns Outright,30239
Leicester,Owns Outright,28018
Nottingham,Owns Outright,25152
Rutland,Owns Outright,5889
Derbyshire,Owns Outright,119282
Leicestershire,Owns Outright,99100
Lincolnshire,Owns Outright,110454
Northamptonshire,Owns Outright,83859
Nottinghamshire,Owns Outright,119231
"Herefordshire, County of",Owns Outright,30867
Shropshire,Owns Outright,49998
Stoke-on-Trent,Owns Outright,30628
Telford and Wrekin,Owns Outright,18106
Staffordshire,Owns Outright,128676
Warwickshire,Owns Outright,79796
Birmingham,Owns Outright,106416
Coventry,Owns Outright,37644
Dudley,Owns Outright,45383
Sandwell,Owns Outright,32253
Solihull,Owns Outright,32227
Walsall,Owns Outright,33516
Wolverhampton,Owns Outright,29416
Worcestershire,Owns Outright,85973
Bedford,Owns Outright,20018
Central Bedfordshire,Owns Outright,33039
Luton,Owns Outright,18619
Peterborough,Owns Outright,19134
Southend-on-Sea,Owns Outright,22960
Thurrock,Owns Outright,15899
Cambridgeshire,Owns Outright,80204
Essex,Owns Outright,201533
Hertfordshire,Owns Outright,136244
Norfolk,Owns Outright,138288
Suffolk,Owns Outright,111081
Camden,Owns Outright,16644
City of London,Owns Outright,1093
Hackney,Owns Outright,8597
Hammersmith and Fulham,Owns Outright,12777
Haringey,Owns Outright,16326
Islington,Owns Outright,10587
Kensington and Chelsea,Owns Outright,17933
Lambeth,Owns Outright,14778
Lewisham,Owns Outright,17273
Newham,Owns Outright,12993
Southwark,Owns Outright,11805
Tower Hamlets,Owns Outright,8648
Wandsworth,Owns Outright,24067
Westminster,Owns Outright,18692
Barking and Dagenham,Owns Outright,11908
Barnet,Owns Outright,38105
Bexley,Owns Outright,30127
Brent,Owns Outright,22416
Bromley,Owns Outright,43649
Croydon,Owns Outright,34882
Ealing,Owns Outright,28414
Enfield,Owns Outright,31452
Greenwich,Owns Outright,16585
Harrow,Owns Outright,26246
Havering,Owns Outright,34625
Hillingdon,Owns Outright,27921
Hounslow,Owns Outright,20048
Kingston upon Thames,Owns Outright,17727
Merton,Owns Outright,20160
Redbridge,Owns Outright,27911
Richmond upon Thames,Owns Outright,23756
Sutton,Owns Outright,22357
Waltham Forest,Owns Outright,19396
Bracknell Forest,Owns Outright,11420
Brighton and Hove,Owns Outright,28397
Isle of Wight,Owns Outright,25091
Medway,Owns Outright,30697
Milton Keynes,Owns Outright,21157
Portsmouth,Owns Outright,20616
Reading,Owns Outright,14222
Slough,Owns Outright,9502
Southampton,Owns Outright,21286
West Berkshire,Owns Outright,19455
Windsor and Maidenhead,Owns Outright,19013
Wokingham,Owns Outright,21461
Buckinghamshire,Owns Outright,68784
East Sussex,Owns Outright,87976
Hampshire,Owns Outright,188397
Kent,Owns Outright,200638
Oxfordshire,Owns Outright,83521
Surrey,Owns Outright,158719
West Sussex,Owns Outright,125729
Bath and North East Somerset,Owns Outright,25827
Bournemouth,Owns Outright,22820
"Bristol, City of",Owns Outright,44928
Cornwall,Owns Outright,92113
Isles of Scilly,Owns Outright,313
North Somerset,Owns Outright,32474
Plymouth,Owns Outright,29763
Poole,Owns Outright,22719
South Gloucestershire,Owns Outright,37050
Swindon,Owns Outright,22749
Torbay,Owns Outright,21503
Wiltshire,Owns Outright,65734
Devon,Owns Outright,130281
Dorset,Owns Outright,77407
Gloucestershire,Owns Outright,90327
Somerset,Owns Outright,85778
Isle of Anglesey,Owns Outright,12444
Gwynedd,Owns Outright,21168
Conwy,Owns Outright,20409
Denbighshire,Owns Outright,14937
Flintshire,Owns Outright,22397
Wrexham,Owns Outright,17364
Powys,Owns Outright,25626
Ceredigion,Owns Outright,13821
Pembrokeshire,Owns Outright,22307
Carmarthenshire,Owns Outright,32648
Swansea,Owns Outright,34576
Neath Port Talbot,Owns Outright,21976
Bridgend,Owns Outright,20459
Vale of Glamorgan,Owns Outright,18954
Cardiff,Owns Outright,37788
Rhondda Cynon Taff,Owns Outright,36338
Merthyr Tydfil,Owns Outright,8277
Caerphilly,Owns Outright,24188
Blaenau Gwent,Owns Outright,10019
Torfaen,Owns Outright,12176
Monmouthshire,Owns Outright,15269
Newport,Owns Outright,18229
Aberdeen City,Owns Outright,25901
Aberdeenshire,Owns Outright,36486
Angus,Owns Outright,16875
Argyll and Bute,Owns Outright,15103
Clackmannanshire,Owns Outright,6027
Dumfries and Galloway,Owns Outright,25270
Dundee City,Owns Outright,15971
East Ayrshire,Owns Outright,14062
East Dunbartonshire,Owns Outright,17288
East Lothian,Owns Outright,12424
East Renfrewshire,Owns Outright,14308
City of Edinburgh,Owns Outright,60420
Na h-Eileanan Siar,Owns Outright,5894
Falkirk,Owns Outright,17751
Fife,Owns Outright,47316
Glasgow City,Owns Outright,48667
Highland,Owns Outright,36716
Inverclyde,Owns Outright,9876
Midlothian,Owns Outright,9633
Moray,Owns Outright,13970
North Ayrshire,Owns Outright,17796
North Lanarkshire,Owns Outright,31376
Orkney Islands,Owns Outright,4292
Perth and Kinross,Owns Outright,22099
Renfrewshire,Owns Outright,20520
Scottish Borders,Owns Outright,17447
Shetland Islands,Owns Outright,3727
South Ayrshire,Owns Outright,18041
South Lanarkshire,Owns Outright,37920
Stirling,Owns Outright,12076
West Dunbartonshire,Owns Outright,8981
West Lothian,Owns Outright,16410
Antrim,Owns Outright,6211
Ards,Owns Outright,10957
Armagh,Owns Outright,8380
Ballymena,Owns Outright,9550
Ballymoney,Owns Outright,4087
Banbridge,Owns Outright,6216
Belfast,Owns Outright,27904
Carrickfergus,Owns Outright,4804
Castlereagh,Owns Outright,9356
Coleraine,Owns Outright,8477
Cookstown,Owns Outright,5081
Craigavon,Owns Outright,10523
Derry,Owns Outright,9840
Down,Owns Outright,9166
Dungannon,Owns Outright,7460
Fermanagh,Owns Outright,9847
Larne,Owns Outright,4771
Limavady,Owns Outright,4025
Lisburn,Owns Outright,13718
Magherafelt,Owns Outright,5987
Moyle,Owns Outright,2679
Newry and Mourne,Owns Outright,12219
Newtownabbey,Owns Outright,10512
North Down,Owns Outright,11693
Omagh,Owns Outright,7273
Strabane,Owns Outright,5109
Darlington,Owns with a mortgage or loan or shared ownership,16657
County Durham,Owns with a mortgage or loan or shared ownership,78400
Hartlepool,Owns with a mortgage or loan or shared ownership,13304
Middlesbrough,Owns with a mortgage or loan or shared ownership,17859
Northumberland,Owns with a mortgage or loan or shared ownership,45631
Redcar and Cleveland,Owns with a mortgage or loan or shared ownership,20155
Stockton-on-Tees,Owns with a mortgage or loan or shared ownership,31195
Gateshead,Owns with a mortgage or loan or shared ownership,29197
Newcastle upon Tyne,Owns with a mortgage or loan or shared ownership,32186
North Tyneside,Owns with a mortgage or loan or shared ownership,33899
South Tyneside,Owns with a mortgage or loan or shared ownership,21627
Sunderland,Owns with a mortgage or loan or shared ownership,39499
Blackburn with Darwen,Owns with a mortgage or loan or shared ownership,19044
Blackpool,Owns with a mortgage or loan or shared ownership,20571
Cheshire East,Owns with a mortgage or loan or shared ownership,59699
Cheshire West and Chester,Owns with a mortgage or loan or shared ownership,52064
Halton,Owns with a mortgage or loan or shared ownership,19682
Warrington,Owns with a mortgage or loan or shared ownership,34346
Cumbria,Owns with a mortgage or loan or shared ownership,71137
Bolton,Owns with a mortgage or loan or shared ownership,39397
Bury,Owns with a mortgage or loan or shared ownership,29803
Manchester,Owns with a mortgage or loan or shared ownership,47731
Oldham,Owns with a mortgage or loan or shared ownership,31418
Rochdale,Owns with a mortgage or loan or shared ownership,30155
Salford,Owns with a mortgage or loan or shared ownership,30031
Stockport,Owns with a mortgage or loan or shared ownership,47542
Tameside,Owns with a mortgage or loan or shared ownership,34179
Trafford,Owns with a mortgage or loan or shared ownership,35688
Wigan,Owns with a mortgage or loan or shared ownership,50444
Lancashire,Owns with a mortgage or loan or shared ownership,177520
Knowsley,Owns with a mortgage or loan or shared ownership,22178
Liverpool,Owns with a mortgage or loan or shared ownership,54240
Sefton,Owns with a mortgage or loan or shared ownership,41467
St. Helens,Owns with a mortgage or loan or shared ownership,26164
Wirral,Owns with a mortgage or loan or shared ownership,48750
East Riding of Yorkshire,Owns with a mortgage or loan or shared ownership,51999
"Kingston upon Hull, City of",Owns with a mortgage or loan or shared ownership,33935
North East Lincolnshire,Owns with a mortgage or loan or shared ownership,24786
North Lincolnshire,Owns with a mortgage or loan or shared ownership,25961
York,Owns with a mortgage or loan or shared ownership,27507
North Yorkshire,Owns with a mortgage or loan or shared ownership,81516
Barnsley,Owns with a mortgage or loan or shared ownership,34474
Doncaster,Owns with a mortgage or loan or shared ownership,43925
Rotherham,Owns with a mortgage or loan or shared ownership,37888
Sheffield,Owns with a mortgage or loan or shared ownership,72679
Bradford,Owns with a mortgage or loan or shared ownership,72228
Calderdale,Owns with a mortgage or loan or shared ownership,31707
Kirklees,Owns with a mortgage or loan or shared ownership,61404
Leeds,Owns with a mortgage or loan or shared ownership,104524
Wakefield,Owns with a mortgage or loan or shared ownership,49175
Derby,Owns with a mortgage or loan or shared ownership,33390
Leicester,Owns with a mortgage or loan or shared ownership,33926
Nottingham,Owns with a mortgage or loan or shared ownership,32501
Rutland,Owns with a mortgage or loan or shared ownership,4827
Derbyshire,Owns with a mortgage or loan or shared ownership,118230
Leicestershire,Owns with a mortgage or loan or shared ownership,105459
Lincolnshire,Owns with a mortgage or loan or shared ownership,102215
Northamptonshire,Owns with a mortgage or loan or shared ownership,113978
Nottinghamshire,Owns with a mortgage or loan or shared ownership,121659
"Herefordshire, County of",Owns with a mortgage or loan or shared ownership,22917
Shropshire,Owns with a mortgage or loan or shared ownership,40520
Stoke-on-Trent,Owns with a mortgage or loan or shared ownership,33719
Telford and Wrekin,Owns with a mortgage or loan or shared ownership,24603
Staffordshire,Owns with a mortgage or loan or shared ownership,129997
Warwickshire,Owns with a mortgage or loan or shared ownership,83928
Birmingham,Owns with a mortgage or loan or shared ownership,124140
Coventry,Owns with a mortgage or loan or shared ownership,40986
Dudley,Owns with a mortgage or loan or shared ownership,44628
Sandwell,Owns with a mortgage or loan or shared ownership,37583
Solihull,Owns with a mortgage or loan or shared ownership,31859
Walsall,Owns with a mortgage or loan or shared ownership,34350
Wolverhampton,Owns with a mortgage or loan or shared ownership,28815
Worcestershire,Owns with a mortgage or loan or shared ownership,85380
Bedford,Owns with a mortgage or loan or shared ownership,22584
Central Bedfordshire,Owns with a mortgage or loan or shared ownership,43578
Luton,Owns with a mortgage or loan or shared ownership,26365
Peterborough,Owns with a mortgage or loan or shared ownership,25432
Southend-on-Sea,Owns with a mortgage or loan or shared ownership,26012
Thurrock,Owns with a mortgage or loan or shared ownership,25681
Cambridgeshire,Owns with a mortgage or loan or shared ownership,88652
Essex,Owns with a mortgage or loan or shared ownership,216590
Hertfordshire,Owns with a mortgage or loan or shared ownership,170972
Norfolk,Owns with a mortgage or loan or shared ownership,112756
Suffolk,Owns with a mortgage or loan or shared ownership,99980
Camden,Owns with a mortgage or loan or shared ownership,15398
City of London,Owns with a mortgage or loan or shared ownership,775
Hackney,Owns with a mortgage or loan or shared ownership,17956
Hammersmith and Fulham,Owns with a mortgage or loan or shared ownership,15877
Haringey,Owns with a mortgage or loan or shared ownership,24810
Islington,Owns with a mortgage or loan or shared ownership,17184
Kensington and Chelsea,Owns with a mortgage or loan or shared ownership,10774
Lambeth,Owns with a mortgage or loan or shared ownership,30094
Lewisham,Owns with a mortgage or loan or shared ownership,33391
Newham,Owns with a mortgage or loan or shared ownership,22635
Southwark,Owns with a mortgage or loan or shared ownership,25978
Tower Hamlets,Owns with a mortgage or loan or shared ownership,18287
Wandsworth,Owns with a mortgage or loan or shared ownership,37237
Westminster,Owns with a mortgage or loan or shared ownership,14480
Barking and Dagenham,Owns with a mortgage or loan or shared ownership,21322
Barnet,Owns with a mortgage or loan or shared ownership,41436
Bexley,Owns with a mortgage or loan or shared ownership,37781
Brent,Owns with a mortgage or loan or shared ownership,26544
Bromley,Owns with a mortgage or loan or shared ownership,50172
Croydon,Owns with a mortgage or loan or shared ownership,52203
Ealing,Owns with a mortgage or loan or shared ownership,37180
Enfield,Owns with a mortgage or loan or shared ownership,39097
Greenwich,Owns with a mortgage or loan or shared ownership,28714
Harrow,Owns with a mortgage or loan or shared ownership,29576
Havering,Owns with a mortgage or loan or shared ownership,37659
Hillingdon,Owns with a mortgage or loan or shared ownership,36370
Hounslow,Owns with a mortgage or loan or shared ownership,29759
Kingston upon Thames,Owns with a mortgage or loan or shared ownership,23469
Merton,Owns with a mortgage or loan or shared ownership,27200
Redbridge,Owns with a mortgage or loan or shared ownership,36075
Richmond upon Thames,Owns with a mortgage or loan or shared ownership,27595
Sutton,Owns with a mortgage or loan or shared ownership,31406
Waltham Forest,Owns with a mortgage or loan or shared ownership,29983
Bracknell Forest,Owns with a mortgage or loan or shared ownership,20526
Brighton and Hove,Owns with a mortgage or loan or shared ownership,37438
Isle of Wight,Owns with a mortgage or loan or shared ownership,18088
Medway,Owns with a mortgage or loan or shared ownership,42270
Milton Keynes,Owns with a mortgage or loan or shared ownership,41741
Portsmouth,Owns with a mortgage or loan or shared ownership,27106
Reading,Owns with a mortgage or loan or shared ownership,21387
Slough,Owns with a mortgage or loan or shared ownership,17939
Southampton,Owns with a mortgage or loan or shared ownership,28600
West Berkshire,Owns with a mortgage or loan or shared ownership,24675
Windsor and Maidenhead,Owns with a mortgage or loan or shared ownership,21021
Wokingham,Owns with a mortgage or loan or shared ownership,27321
Buckinghamshire,Owns with a mortgage or loan or shared ownership,78014
East Sussex,Owns with a mortgage or loan or shared ownership,74076
Hampshire,Owns with a mortgage or loan or shared ownership,206522
Kent,Owns with a mortgage or loan or shared ownership,212708
Oxfordshire,Owns with a mortgage or loan or shared ownership,88930
Surrey,Owns with a mortgage or loan or shared ownership,178128
West Sussex,Owns with a mortgage or loan or shared ownership,121226
Bath and North East Somerset,Owns with a mortgage or loan or shared ownership,23609
Bournemouth,Owns with a mortgage or loan or shared ownership,24806
"Bristol, City of",Owns with a mortgage or loan or shared ownership,55165
Cornwall,Owns with a mortgage or loan or shared ownership,68168
Isles of Scilly,Owns with a mortgage or loan or shared ownership,107
North Somerset,Owns with a mortgage or loan or shared ownership,32433
Plymouth,Owns with a mortgage or loan or shared ownership,35235
Poole,Owns with a mortgage or loan or shared ownership,22540
South Gloucestershire,Owns with a mortgage or loan or shared ownership,44033
Swindon,Owns with a mortgage or loan or shared ownership,36271
Torbay,Owns with a mortgage or loan or shared ownership,18475
Wiltshire,Owns with a mortgage or loan or shared ownership,66812
Devon,Owns with a mortgage or loan or shared ownership,98805
Dorset,Owns with a mortgage or loan or shared ownership,53636
Gloucestershire,Owns with a mortgage or loan or shared ownership,88575
Somerset,Owns with a mortgage or loan or shared ownership,73618
Isle of Anglesey,Owns with a mortgage or loan or shared ownership,8590
Gwynedd,Owns with a mortgage or loan or shared ownership,13327
Conwy,Owns with a mortgage or loan or shared ownership,15470
Denbighshire,Owns with a mortgage or loan or shared ownership,13122
Flintshire,Owns with a mortgage or loan or shared ownership,24394
Wrexham,Owns with a mortgage or loan or shared ownership,19119
Powys,Owns with a mortgage or loan or shared ownership,14643
Ceredigion,Owns with a mortgage or loan or shared ownership,7612
Pembrokeshire,Owns with a mortgage or loan or shared ownership,14391
Carmarthenshire,Owns with a mortgage or loan or shared ownership,23856
Swansea,Owns with a mortgage or loan or shared ownership,31991
Neath Port Talbot,Owns with a mortgage or loan or shared ownership,19614
Bridgend,Owns with a mortgage or loan or shared ownership,22032
Vale of Glamorgan,Owns with a mortgage or loan or shared ownership,19818
Cardiff,Owns with a mortgage or loan or shared ownership,47113
Rhondda Cynon Taff,Owns with a mortgage or loan or shared ownership,34572
Merthyr Tydfil,Owns with a mortgage or loan or shared ownership,7608
Caerphilly,Owns with a mortgage or loan or shared ownership,27660
Blaenau Gwent,Owns with a mortgage or loan or shared ownership,8905
Torfaen,Owns with a mortgage or loan or shared ownership,13541
Monmouthshire,Owns with a mortgage or loan or shared ownership,13014
Newport,Owns with a mortgage or loan or shared ownership,21368
Aberdeen City,Owns with a mortgage or loan or shared ownership,33308
Aberdeenshire,Owns with a mortgage or loan or shared ownership,39564
Angus,Owns with a mortgage or loan or shared ownership,16625
Argyll and Bute,Owns with a mortgage or loan or shared ownership,11575
Clackmannanshire,Owns with a mortgage or loan or shared ownership,8079
Dumfries and Galloway,Owns with a mortgage or loan or shared ownership,18343
Dundee City,Owns with a mortgage or loan or shared ownership,18914
East Ayrshire,Owns with a mortgage or loan or shared ownership,19336
East Dunbartonshire,Owns with a mortgage or loan or shared ownership,18076
East Lothian,Owns with a mortgage or loan or shared ownership,15650
East Renfrewshire,Owns with a mortgage or loan or shared ownership,16216
City of Edinburgh,Owns with a mortgage or loan or shared ownership,72399
Na h-Eileanan Siar,Owns with a mortgage or loan or shared ownership,3297
Falkirk,Owns with a mortgage or loan or shared ownership,26731
Fife,Owns with a mortgage or loan or shared ownership,56950
Glasgow City,Owns with a mortgage or loan or shared ownership,81550
Highland,Owns with a mortgage or loan or shared ownership,31884
Inverclyde,Owns with a mortgage or loan or shared ownership,13288
Midlothian,Owns with a mortgage or loan or shared ownership,13069
Moray,Owns with a mortgage or loan or shared ownership,12439
North Ayrshire,Owns with a mortgage or loan or shared ownership,21075
North Lanarkshire,Owns with a mortgage or loan or shared ownership,57496
Orkney Islands,Owns with a mortgage or loan or shared ownership,2621
Perth and Kinross,Owns with a mortgage or loan or shared ownership,20595
Renfrewshire,Owns with a mortgage or loan or shared ownership,31878
Scottish Borders,Owns with a mortgage or loan or shared ownership,14854
Shetland Islands,Owns with a mortgage or loan or shared ownership,2779
South Ayrshire,Owns with a mortgage or loan or shared ownership,17375
South Lanarkshire,Owns with a mortgage or loan or shared ownership,57135
Stirling,Owns with a mortgage or loan or shared ownership,12802
West Dunbartonshire,Owns with a mortgage or loan or shared ownership,14426
West Lothian,Owns with a mortgage or loan or shared ownership,30014
Antrim,Owns with a mortgage or loan or shared ownership,8161
Ards,Owns with a mortgage or loan or shared ownership,12346
Armagh,Owns with a mortgage or loan or shared ownership,7548
Ballymena,Owns with a mortgage or loan or shared ownership,8294
Ballymoney,Owns with a mortgage or loan or shared ownership,4033
Banbridge,Owns with a mortgage or loan or shared ownership,7329
Belfast,Owns with a mortgage or loan or shared ownership,35115
Carrickfergus,Owns with a mortgage or loan or shared ownership,6943
Castlereagh,Owns with a mortgage or loan or shared ownership,11540
Coleraine,Owns with a mortgage or loan or shared ownership,7108
Cookstown,Owns with a mortgage or loan or shared ownership,4395
Craigavon,Owns with a mortgage or loan or shared ownership,13406
Derry,Owns with a mortgage or loan or shared ownership,13760
Down,Owns with a mortgage or loan or shared ownership,9540
Dungannon,Owns with a mortgage or loan or shared ownership,6568
Fermanagh,Owns with a mortgage or loan or shared ownership,6935
Larne,Owns with a mortgage or loan or shared ownership,4870
Limavady,Owns with a mortgage or loan or shared ownership,4367
Lisburn,Owns with a mortgage or loan or shared ownership,18968
Magherafelt,Owns with a mortgage or loan or shared ownership,5119
Moyle,Owns with a mortgage or loan or shared ownership,1798
Newry and Mourne,Owns with a mortgage or loan or shared ownership,12352
Newtownabbey,Owns with a mortgage or loan or shared ownership,14740
North Down,Owns with a mortgage or loan or shared ownership,13438
Omagh,Owns with a mortgage or loan or shared ownership,5668
Strabane,Owns with a mortgage or loan or shared ownership,4565
Darlington,Social Rented,14456
County Durham,Social Rented,90008
Hartlepool,Social Rented,19030
Middlesbrough,Social Rented,27308
Northumberland,Social Rented,51682
Redcar and Cleveland,Social Rented,23136
Stockton-on-Tees,Social Rented,27250
Gateshead,Social Rented,49882
Newcastle upon Tyne,Social Rented,69700
North Tyneside,Social Rented,39354
South Tyneside,Social Rented,42408
Sunderland,Social Rented,64798
Blackburn with Darwen,Social Rented,20782
Blackpool,Social Rented,13998
Cheshire East,Social Rented,36282
Cheshire West and Chester,Social Rented,41616
Halton,Social Rented,26882
Warrington,Social Rented,26636
Cumbria,Social Rented,63556
Bolton,Social Rented,47650
Bury,Social Rented,23406
Manchester,Social Rented,129364
Oldham,Social Rented,37836
Rochdale,Social Rented,40494
Salford,Social Rented,59638
Stockport,Social Rented,33240
Tameside,Social Rented,40876
Trafford,Social Rented,30970
Wigan,Social Rented,51606
Lancashire,Social Rented,120516
Knowsley,Social Rented,32666
Liverpool,Social Rented,114970
Sefton,Social Rented,34126
St. Helens,Social Rented,31194
Wirral,Social Rented,42658
East Riding of Yorkshire,Social Rented,26056
"Kingston upon Hull, City of",Social Rented,63268
North East Lincolnshire,Social Rented,20182
North Lincolnshire,Social Rented,21790
York,Social Rented,23358
North Yorkshire,Social Rented,57294
Barnsley,Social Rented,42064
Doncaster,Social Rented,44806
Rotherham,Social Rented,46578
Sheffield,Social Rented,113834
Bradford,Social Rented,59026
Calderdale,Social Rented,26988
Kirklees,Social Rented,53050
Leeds,Social Rented,140754
Wakefield,Social Rented,66258
Derby,Social Rented,40500
Leicester,Social Rented,62540
Nottingham,Social Rented,74972
Rutland,Social Rented,3370
Derbyshire,Social Rented,101910
Leicestershire,Social Rented,56034
Lincolnshire,Social Rented,83536
Northamptonshire,Social Rented,87816
Nottinghamshire,Social Rented,90168
"Herefordshire, County of",Social Rented,21806
Shropshire,Social Rented,34896
Stoke-on-Trent,Social Rented,51998
Telford and Wrekin,Social Rented,26212
Staffordshire,Social Rented,104302
Warwickshire,Social Rented,63848
Birmingham,Social Rented,199184
Coventry,Social Rented,43828
Dudley,Social Rented,51438
Sandwell,Social Rented,66878
Solihull,Social Rented,25668
Walsall,Social Rented,51934
Wolverhampton,Social Rented,57296
Worcestershire,Social Rented,71052
Bedford,Social Rented,20504
Central Bedfordshire,Social Rented,27962
Luton,Social Rented,23430
Peterborough,Social Rented,28868
Southend-on-Sea,Social Rented,17194
Thurrock,Social Rented,23006
Cambridgeshire,Social Rented,77012
Essex,Social Rented,166804
Hertfordshire,Social Rented,165086
Norfolk,Social Rented,118594
Suffolk,Social Rented,92202
Camden,Social Rented,64590
City of London,Social Rented,1450
Hackney,Social Rented,88860
Hammersmith and Fulham,Social Rented,50266
Haringey,Social Rented,54484
Islington,Social Rented,78684
Kensington and Chelsea,Social Rented,38542
Lambeth,Social Rented,91238
Lewisham,Social Rented,72104
Newham,Social Rented,60184
Southwark,Social Rented,105288
Tower Hamlets,Social Rented,80212
Wandsworth,Social Rented,53032
Westminster,Social Rented,54696
Barking and Dagenham,Social Rented,46918
Barnet,Social Rented,38668
Bexley,Social Rented,26754
Brent,Social Rented,53182
Bromley,Social Rented,36850
Croydon,Social Rented,51774
Ealing,Social Rented,44944
Enfield,Social Rented,42146
Greenwich,Social Rented,69324
Harrow,Social Rented,17846
Havering,Social Rented,27598
Hillingdon,Social Rented,33504
Hounslow,Social Rented,43364
Kingston upon Thames,Social Rented,15004
Merton,Social Rented,22204
Redbridge,Social Rented,22578
Richmond upon Thames,Social Rented,20102
Sutton,Social Rented,22844
Waltham Forest,Social Rented,42752
Bracknell Forest,Social Rented,15356
Brighton and Hove,Social Rented,36374
Isle of Wight,Social Rented,13046
Medway,Social Rented,27992
Milton Keynes,Social Rented,35526
Portsmouth,Social Rented,31222
Reading,Social Rented,20484
Slough,Social Rented,20952
Southampton,Social Rented,45734
West Berkshire,Social Rented,17256
Windsor and Maidenhead,Social Rented,15496
Wokingham,Social Rented,8472
Buckinghamshire,Social Rented,50942
East Sussex,Social Rented,51200
Hampshire,Social Rented,150514
Kent,Social Rented,168254
Oxfordshire,Social Rented,73666
Surrey,Social Rented,104172
West Sussex,Social Rented,88288
Bath and North East Somerset,Social Rented,21228
Bournemouth,Social Rented,18412
"Bristol, City of",Social Rented,74166
Cornwall,Social Rented,55310
Isles of Scilly,Social Rented,358
North Somerset,Social Rented,16206
Plymouth,Social Rented,42190
Poole,Social Rented,14648
South Gloucestershire,Social Rented,21266
Swindon,Social Rented,28764
Torbay,Social Rented,9524
Wiltshire,Social Rented,57182
Devon,Social Rented,72084
Dorset,Social Rented,44536
Gloucestershire,Social Rented,65706
Somerset,Social Rented,61460
Isle of Anglesey,Social Rented,8974
Gwynedd,Social Rented,17122
Conwy,Social Rented,11892
Denbighshire,Social Rented,10650
Flintshire,Social Rented,19302
Wrexham,Social Rented,25606
Powys,Social Rented,16322
Ceredigion,Social Rented,6392
Pembrokeshire,Social Rented,16624
Carmarthenshire,Social Rented,23344
Swansea,Social Rented,39756
Neath Port Talbot,Social Rented,23090
Bridgend,Social Rented,16198
Vale of Glamorgan,Social Rented,12708
Cardiff,Social Rented,48748
Rhondda Cynon Taff,Social Rented,27346
Merthyr Tydfil,Social Rented,10236
Caerphilly,Social Rented,27924
Blaenau Gwent,Social Rented,14568
Torfaen,Social Rented,18200
Monmouthshire,Social Rented,10576
Newport,Social Rented,24244
Aberdeen City,Social Rented,50368
Aberdeenshire,Social Rented,33788
Angus,Social Rented,22188
Argyll and Bute,Social Rented,15172
Clackmannanshire,Social Rented,13004
Dumfries and Galloway,Social Rented,26712
Dundee City,Social Rented,41594
East Ayrshire,Social Rented,31158
East Dunbartonshire,Social Rented,10438
East Lothian,Social Rented,20342
East Renfrewshire,Social Rented,8640
City of Edinburgh,Social Rented,75912
Na h-Eileanan Siar,Social Rented,4424
Falkirk,Social Rented,37190
Fife,Social Rented,73914
Glasgow City,Social Rented,209622
Highland,Social Rented,38636
Inverclyde,Social Rented,20186
Midlothian,Social Rented,18634
Moray,Social Rented,15506
North Ayrshire,Social Rented,34846
North Lanarkshire,Social Rented,90832
Orkney Islands,Social Rented,2690
Perth and Kinross,Social Rented,22240
Renfrewshire,Social Rented,39746
Scottish Borders,Social Rented,22900
Shetland Islands,Social Rented,4712
South Ayrshire,Social Rented,19670
South Lanarkshire,Social Rented,62976
Stirling,Social Rented,14938
West Dunbartonshire,Social Rented,31416
West Lothian,Social Rented,38444
Antrim,Social Rented,4770
Ards,Social Rented,8188
Armagh,Social Rented,4058
Ballymena,Social Rented,5556
Ballymoney,Social Rented,2874
Banbridge,Social Rented,3612
Belfast,Social Rented,61636
Carrickfergus,Social Rented,4428
Castlereagh,Social Rented,7764
Coleraine,Social Rented,6470
Cookstown,Social Rented,2104
Craigavon,Social Rented,9420
Derry,Social Rented,18542
Down,Social Rented,5150
Dungannon,Social Rented,4166
Fermanagh,Social Rented,4340
Larne,Social Rented,2848
Limavady,Social Rented,3114
Lisburn,Social Rented,15398
Magherafelt,Social Rented,2556
Moyle,Social Rented,1780
Newry and Mourne,Social Rented,7180
Newtownabbey,Social Rented,8962
North Down,Social Rented,6552
Omagh,Social Rented,3626
Strabane,Social Rented,4676
Darlington,Private Rent/Rent Free,17488
County Durham,Private Rent/Rent Free,59106
Hartlepool,Private Rent/Rent Free,12496
Middlesbrough,Private Rent/Rent Free,19999
Northumberland,Private Rent/Rent Free,39393
Redcar and Cleveland,Private Rent/Rent Free,15510
Stockton-on-Tees,Private Rent/Rent Free,21441
Gateshead,Private Rent/Rent Free,23060
Newcastle upon Tyne,Private Rent/Rent Free,46177
North Tyneside,Private Rent/Rent Free,23408
South Tyneside,Private Rent/Rent Free,14091
Sunderland,Private Rent/Rent Free,29993
Blackburn with Darwen,Private Rent/Rent Free,18872
Blackpool,Private Rent/Rent Free,34249
Cheshire East,Private Rent/Rent Free,41693
Cheshire West and Chester,Private Rent/Rent Free,37175
Halton,Private Rent/Rent Free,10965
Warrington,Private Rent/Rent Free,19819
Cumbria,Private Rent/Rent Free,60589
Bolton,Private Rent/Rent Free,33701
Bury,Private Rent/Rent Free,22542
Manchester,Private Rent/Rent Free,119581
Oldham,Private Rent/Rent Free,23118
Rochdale,Private Rent/Rent Free,24372
Salford,Private Rent/Rent Free,40523
Stockport,Private Rent/Rent Free,28908
Tameside,Private Rent/Rent Free,26221
Trafford,Private Rent/Rent Free,24990
Wigan,Private Rent/Rent Free,33568
Lancashire,Private Rent/Rent Free,156354
Knowsley,Private Rent/Rent Free,12760
Liverpool,Private Rent/Rent Free,99277
Sefton,Private Rent/Rent Free,32870
St. Helens,Private Rent/Rent Free,16496
Wirral,Private Rent/Rent Free,45973
East Riding of Yorkshire,Private Rent/Rent Free,41513
"Kingston upon Hull, City of",Private Rent/Rent Free,47656
North East Lincolnshire,Private Rent/Rent Free,25960
North Lincolnshire,Private Rent/Rent Free,19950
York,Private Rent/Rent Free,30995
North Yorkshire,Private Rent/Rent Free,90957
Barnsley,Private Rent/Rent Free,27306
Doncaster,Private Rent/Rent Free,39680
Rotherham,Private Rent/Rent Free,26347
Sheffield,Private Rent/Rent Free,73763
Bradford,Private Rent/Rent Free,75138
Calderdale,Private Rent/Rent Free,30294
Kirklees,Private Rent/Rent Free,56968
Leeds,Private Rent/Rent Free,119766
Wakefield,Private Rent/Rent Free,33361
Derby,Private Rent/Rent Free,35585
Leicester,Private Rent/Rent Free,57910
Nottingham,Private Rent/Rent Free,60090
Rutland,Private Rent/Rent Free,4934
Derbyshire,Private Rent/Rent Free,84085
Leicestershire,Private Rent/Rent Free,66790
Lincolnshire,Private Rent/Rent Free,100264
Northamptonshire,Private Rent/Rent Free,88192
Nottinghamshire,Private Rent/Rent Free,92365
"Herefordshire, County of",Private Rent/Rent Free,25779
Shropshire,Private Rent/Rent Free,41129
Stoke-on-Trent,Private Rent/Rent Free,32669
Telford and Wrekin,Private Rent/Rent Free,20772
Staffordshire,Private Rent/Rent Free,84529
Warwickshire,Private Rent/Rent Free,67965
Birmingham,Private Rent/Rent Free,153993
Coventry,Private Rent/Rent Free,54551
Dudley,Private Rent/Rent Free,26141
Sandwell,Private Rent/Rent Free,33897
Solihull,Private Rent/Rent Free,17638
Walsall,Private Rent/Rent Free,26558
Wolverhampton,Private Rent/Rent Free,28753
Worcestershire,Private Rent/Rent Free,62711
Bedford,Private Rent/Rent Free,21068
Central Bedfordshire,Private Rent/Rent Free,26413
Luton,Private Rent/Rent Free,34410
Peterborough,Private Rent/Rent Free,29191
Southend-on-Sea,Private Rent/Rent Free,33548
Thurrock,Private Rent/Rent Free,18042
Cambridgeshire,Private Rent/Rent Free,83998
Essex,Private Rent/Rent Free,153761
Hertfordshire,Private Rent/Rent Free,123378
Norfolk,Private Rent/Rent Free,117430
Suffolk,Private Rent/Rent Free,102071
Camden,Private Rent/Rent Free,64631
City of London,Private Rent/Rent Free,3365
Hackney,Private Rent/Rent Free,60156
Hammersmith and Fulham,Private Rent/Rent Free,52358
Haringey,Private Rent/Rent Free,65672
Islington,Private Rent/Rent Free,51660
Kensington and Chelsea,Private Rent/Rent Free,58666
Lambeth,Private Rent/Rent Free,77659
Lewisham,Private Rent/Rent Free,57591
Newham,Private Rent/Rent Free,70369
Southwark,Private Rent/Rent Free,58488
Tower Hamlets,Private Rent/Rent Free,67180
Wandsworth,Private Rent/Rent Free,83990
Westminster,Private Rent/Rent Free,87201
Barking and Dagenham,Private Rent/Rent Free,25320
Barnet,Private Rent/Rent Free,71895
Bexley,Private Rent/Rent Free,21875
Brent,Private Rent/Rent Free,67916
Bromley,Private Rent/Rent Free,36009
Croydon,Private Rent/Rent Free,62510
Ealing,Private Rent/Rent Free,70198
Enfield,Private Rent/Rent Free,54885
Greenwich,Private Rent/Rent Free,41088
Harrow,Private Rent/Rent Free,37847
Havering,Private Rent/Rent Free,21453
Hillingdon,Private Rent/Rent Free,37312
Hounslow,Private Rent/Rent Free,45619
Kingston upon Thames,Private Rent/Rent Free,29253
Merton,Private Rent/Rent Free,39798
Redbridge,Private Rent/Rent Free,46487
Richmond upon Thames,Private Rent/Rent Free,35873
Sutton,Private Rent/Rent Free,25418
Waltham Forest,Private Rent/Rent Free,51208
Bracknell Forest,Private Rent/Rent Free,11988
Brighton and Hove,Private Rent/Rent Free,73477
Isle of Wight,Private Rent/Rent Free,22022
Medway,Private Rent/Rent Free,37399
Milton Keynes,Private Rent/Rent Free,34989
Portsmouth,Private Rent/Rent Free,43238
Reading,Private Rent/Rent Free,33412
Slough,Private Rent/Rent Free,25197
Southampton,Private Rent/Rent Free,49950
West Berkshire,Private Rent/Rent Free,18137
Windsor and Maidenhead,Private Rent/Rent Free,19999
Wokingham,Private Rent/Rent Free,14069
Buckinghamshire,Private Rent/Rent Free,54333
East Sussex,Private Rent/Rent Free,85433
Hampshire,Private Rent/Rent Free,143404
Kent,Private Rent/Rent Free,208347
Oxfordshire,Private Rent/Rent Free,94778
Surrey,Private Rent/Rent Free,128267
West Sussex,Private Rent/Rent Free,104346
Bath and North East Somerset,Private Rent/Rent Free,25912
Bournemouth,Private Rent/Rent Free,50227
"Bristol, City of",Private Rent/Rent Free,88599
Cornwall,Private Rent/Rent Free,81058
Isles of Scilly,Private Rent/Rent Free,684
North Somerset,Private Rent/Rent Free,29487
Plymouth,Private Rent/Rent Free,45240
Poole,Private Rent/Rent Free,21222
South Gloucestershire,Private Rent/Rent Free,30422
Swindon,Private Rent/Rent Free,29127
Torbay,Private Rent/Rent Free,27966
Wiltshire,Private Rent/Rent Free,63025
Devon,Private Rent/Rent Free,110097
Dorset,Private Rent/Rent Free,50959
Gloucestershire,Private Rent/Rent Free,82035
Somerset,Private Rent/Rent Free,70121
Isle of Anglesey,Private Rent/Rent Free,9397
Gwynedd,Private Rent/Rent Free,17477
Conwy,Private Rent/Rent Free,17886
Denbighshire,Private Rent/Rent Free,13608
Flintshire,Private Rent/Rent Free,14068
Wrexham,Private Rent/Rent Free,14518
Powys,Private Rent/Rent Free,18553
Ceredigion,Private Rent/Rent Free,13208
Pembrokeshire,Private Rent/Rent Free,15300
Carmarthenshire,Private Rent/Rent Free,19954
Swansea,Private Rent/Rent Free,32312
Neath Port Talbot,Private Rent/Rent Free,13444
Bridgend,Private Rent/Rent Free,15113
Vale of Glamorgan,Private Rent/Rent Free,16192
Cardiff,Private Rent/Rent Free,64502
Rhondda Cynon Taff,Private Rent/Rent Free,28684
Merthyr Tydfil,Private Rent/Rent Free,6070
Caerphilly,Private Rent/Rent Free,16664
Blaenau Gwent,Private Rent/Rent Free,8100
Torfaen,Private Rent/Rent Free,7022
Monmouthshire,Private Rent/Rent Free,8792
Newport,Private Rent/Rent Free,18025
Aberdeen City,Private Rent/Rent Free,36560
Aberdeenshire,Private Rent/Rent Free,21638
Angus,Private Rent/Rent Free,13012
Argyll and Bute,Private Rent/Rent Free,10889
Clackmannanshire,Private Rent/Rent Free,4002
Dumfries and Galloway,Private Rent/Rent Free,20201
Dundee City,Private Rent/Rent Free,26432
East Ayrshire,Private Rent/Rent Free,9354
East Dunbartonshire,Private Rent/Rent Free,5401
East Lothian,Private Rent/Rent Free,8734
East Renfrewshire,Private Rent/Rent Free,4448
City of Edinburgh,Private Rent/Rent Free,102154
Na h-Eileanan Siar,Private Rent/Rent Free,2031
Falkirk,Private Rent/Rent Free,10650
Fife,Private Rent/Rent Free,37680
Glasgow City,Private Rent/Rent Free,98684
Highland,Private Rent/Rent Free,25966
Inverclyde,Private Rent/Rent Free,8119
Midlothian,Private Rent/Rent Free,5537
Moray,Private Rent/Rent Free,10956
North Ayrshire,Private Rent/Rent Free,11856
North Lanarkshire,Private Rent/Rent Free,22415
Orkney Islands,Private Rent/Rent Free,2562
Perth and Kinross,Private Rent/Rent Free,20437
Renfrewshire,Private Rent/Rent Free,16705
Scottish Borders,Private Rent/Rent Free,15959
Shetland Islands,Private Rent/Rent Free,1942
South Ayrshire,Private Rent/Rent Free,11397
South Lanarkshire,Private Rent/Rent Free,24031
Stirling,Private Rent/Rent Free,9810
West Dunbartonshire,Private Rent/Rent Free,5829
West Lothian,Private Rent/Rent Free,14873
Antrim,Private Rent/Rent Free,6124
Ards,Private Rent/Rent Free,7493
Armagh,Private Rent/Rent Free,6666
Ballymena,Private Rent/Rent Free,7684
Ballymoney,Private Rent/Rent Free,3572
Banbridge,Private Rent/Rent Free,5344
Belfast,Private Rent/Rent Free,50390
Carrickfergus,Private Rent/Rent Free,4162
Castlereagh,Private Rent/Rent Free,5391
Coleraine,Private Rent/Rent Free,8715
Cookstown,Private Rent/Rent Free,4408
Craigavon,Private Rent/Rent Free,13760
Derry,Private Rent/Rent Free,14888
Down,Private Rent/Rent Free,9177
Dungannon,Private Rent/Rent Free,7719
Fermanagh,Private Rent/Rent Free,7478
Larne,Private Rent/Rent Free,4159
Limavady,Private Rent/Rent Free,4002
Lisburn,Private Rent/Rent Free,9683
Magherafelt,Private Rent/Rent Free,4824
Moyle,Private Rent/Rent Free,2283
Newry and Mourne,Private Rent/Rent Free,12825
Newtownabbey,Private Rent/Rent Free,7854
North Down,Private Rent/Rent Free,9159
Omagh,Private Rent/Rent Free,6805
Strabane,Private Rent/Rent Free,5090
