label,Type,Value,Percentage,Percentage Change
Hartlepool,Owns Outright,12761,31.2,3.8
Middlesbrough,Owns Outright,17224,28.6,2
Redcar and Cleveland,Owns Outright,22649,36.7,3.5
Stockton-on-Tees,Owns Outright,27726,33.1,3.7
Darlington,Owns Outright,16222,33.2,3.6
Halton,Owns Outright,17096,30.6,3.5
Warrington,Owns Outright,31939,35.3,3.3
Blackburn with Darwen,Owns Outright,19573,33.3,1.9
Blackpool,Owns Outright,20348,31.4,1.4
"Kingston upon Hull, City of",Owns Outright,26695,23.1,3.3
East Riding of Yorkshire,Owns Outright,65680,43.2,3.9
North East Lincolnshire,Owns Outright,24373,34.9,4.1
North Lincolnshire,Owns Outright,27829,38,5
York,Owns Outright,31453,36.8,2.9
Derby,Owns Outright,33384,31.6,2
Leicester,Owns Outright,31324,24.6,1.8
Rutland,Owns Outright,7286,43.7,4.4
Nottingham,Owns Outright,27940,22.4,2.5
"Herefordshire, County of",Owns Outright,35070,42.3,2.9
Telford and Wrekin,Owns Outright,23088,30.2,3
Stoke-on-Trent,Owns Outright,33558,30.4,1.9
Bath and North East Somerset,Owns Outright,28855,36.4,1.3
"Bristol, City of",Owns Outright,48199,25.2,0.6
North Somerset,Owns Outright,37250,39.4,2.5
South Gloucestershire,Owns Outright,43220,36.6,2.1
Plymouth,Owns Outright,33783,29.5,2.3
Torbay,Owns Outright,24663,39.2,2.7
Swindon,Owns Outright,27968,29.2,3.4
Peterborough,Owns Outright,22268,26.3,0.5
Luton,Owns Outright,20296,25.7,0.6
Southend-on-Sea,Owns Outright,24722,31.6,0.8
Thurrock,Owns Outright,16912,25.5,0
Medway,Owns Outright,34388,30.9,2
Bracknell Forest,Owns Outright,14488,28.8,3.9
West Berkshire,Owns Outright,23209,34.8,3.6
Reading,Owns Outright,15426,22.8,0.2
Slough,Owns Outright,10215,19.5,0.8
Windsor and Maidenhead,Owns Outright,20393,33.5,0.9
Wokingham,Owns Outright,24952,36.1,0.5
Milton Keynes,Owns Outright,27193,24,2.6
Brighton and Hove,Owns Outright,30444,25.1,1.7
Portsmouth,Owns Outright,21958,25.5,1.4
Southampton,Owns Outright,23049,22.5,0.9
Isle of Wight,Owns Outright,28737,44.4,3.3
County Durham,Owns Outright,81046,34.5,3.5
Cheshire East,Owns Outright,69191,39.6,2
Cheshire West and Chester,Owns Outright,57620,37.1,2.4
Shropshire,Owns Outright,59262,42.5,3.9
Cornwall,Owns Outright,104659,41.8,1.8
Isles of Scilly,Owns Outright,320,34.1,2.4
Wiltshire,Owns Outright,80220,37.3,3.4
Bedford,Owns Outright,23359,31.2,-0.2
Central Bedfordshire,Owns Outright,40618,33.6,2
Northumberland,Owns Outright,56684,38.6,5.3
"Bournemouth, Christchurch and Poole",Owns Outright,59736,34.4,1.3
Dorset,Owns Outright,77561,45.8,3.2
Buckinghamshire,Owns Outright,77213,35,0.8
North Northamptonshire,Owns Outright,47617,32,2.6
West Northamptonshire,Owns Outright,53782,31.2,2.2
Cambridge,Owns Outright,12897,24.6,-0.3
East Cambridgeshire,Owns Outright,13485,36.2,4.1
Fenland,Owns Outright,16632,37.7,2.1
Huntingdonshire,Owns Outright,27621,35.9,3.9
South Cambridgeshire,Owns Outright,24426,36.5,1.8
Allerdale,Owns Outright,18770,42.7,3.3
Barrow-in-Furness,Owns Outright,12250,39.2,2.6
Carlisle,Owns Outright,19427,38.3,3.7
Copeland,Owns Outright,12988,42.2,5.1
Eden,Owns Outright,11661,47.4,3.8
South Lakeland,Owns Outright,22394,47,2.3
Amber Valley,Owns Outright,23051,41,2.7
Bolsover,Owns Outright,12391,35.1,2.5
Chesterfield,Owns Outright,17249,35.9,3.7
Derbyshire Dales,Owns Outright,15405,47.7,3.8
Erewash,Owns Outright,18887,37.5,3.6
High Peak,Owns Outright,16367,40.1,5
North East Derbyshire,Owns Outright,18959,41.2,3
South Derbyshire,Owns Outright,16388,36.2,2.3
East Devon,Owns Outright,31228,46.8,-0.4
Exeter,Owns Outright,16369,31.1,1.1
Mid Devon,Owns Outright,14110,39.6,2.3
North Devon,Owns Outright,18055,41.8,2.7
South Hams,Owns Outright,17708,45,2.2
Teignbridge,Owns Outright,25889,43.3,2.5
Torridge,Owns Outright,13870,45.5,2.7
West Devon,Owns Outright,11569,46.6,2.6
Eastbourne,Owns Outright,16305,35.7,2.3
Hastings,Owns Outright,12644,31.3,4.4
Lewes,Owns Outright,18524,42.4,2.6
Rother,Owns Outright,20395,48.4,3.1
Wealden,Owns Outright,30510,44.7,2.4
Basildon,Owns Outright,23029,30.2,1.2
Braintree,Owns Outright,22262,34.3,3.8
Brentwood,Owns Outright,11797,36.5,-1.5
Castle Point,Owns Outright,16937,45.3,2.2
Chelmsford,Owns Outright,27057,35.9,1.9
Colchester,Owns Outright,26126,32.8,0.9
Epping Forest,Owns Outright,19180,35.2,0.4
Harlow,Owns Outright,8723,23,1.8
Maldon,Owns Outright,12224,43.8,3.9
Rochford,Owns Outright,15572,43.8,2.3
Tendring,Owns Outright,31510,46.7,2.1
Uttlesford,Owns Outright,13177,35.7,1.6
Cheltenham,Owns Outright,18362,34.7,2.6
Cotswold,Owns Outright,16177,39.8,2.1
Forest of Dean,Owns Outright,16466,44.2,3.4
Gloucester,Owns Outright,17510,31.6,2.4
Stroud,Owns Outright,21548,41.1,3.1
Tewkesbury,Owns Outright,15984,39.1,0.9
Basingstoke and Deane,Owns Outright,23475,30.6,2.5
East Hampshire,Owns Outright,21080,40,2.9
Eastleigh,Owns Outright,20012,35.2,2.1
Fareham,Owns Outright,21154,43.5,4.2
Gosport,Owns Outright,12314,34.3,4.9
Hart,Owns Outright,14958,37.4,1.9
Havant,Owns Outright,20869,38.9,3.5
New Forest,Owns Outright,36150,46.6,3.1
Rushmoor,Owns Outright,9979,25.4,2.2
Test Valley,Owns Outright,19742,36.1,1.6
Winchester,Owns Outright,18648,36.1,1.1
Broxbourne,Owns Outright,13178,33.1,0.5
Dacorum,Owns Outright,19598,30.9,1.8
Hertsmere,Owns Outright,13227,31,-0.4
North Hertfordshire,Owns Outright,18933,33.4,3
Three Rivers,Owns Outright,12806,34.7,0.6
Watford,Owns Outright,9577,24.2,-0.2
Ashford,Owns Outright,18032,33.7,1.8
Canterbury,Owns Outright,24477,38.4,2.9
Dartford,Owns Outright,12302,26.9,-0.6
Dover,Owns Outright,19753,39.1,3.8
Gravesham,Owns Outright,13018,31.2,0.5
Maidstone,Owns Outright,24192,34,1.1
Sevenoaks,Owns Outright,18769,38.3,0.8
Folkestone and Hythe,Owns Outright,18966,39.2,3.9
Swale,Owns Outright,20788,34.4,3
Thanet,Owns Outright,22731,36.5,3.1
Tonbridge and Malling,Owns Outright,18379,34.3,1.7
Tunbridge Wells,Owns Outright,16324,33.9,1.8
Burnley,Owns Outright,13051,32.7,1.3
Chorley,Owns Outright,18558,37,1.6
Fylde,Owns Outright,16369,43.5,2.8
Hyndburn,Owns Outright,11917,34.3,0.9
Lancaster,Owns Outright,23152,38.6,2.5
Pendle,Owns Outright,14127,37.1,1.1
Preston,Owns Outright,18219,30.6,2.2
Ribble Valley,Owns Outright,11654,43.6,1.6
Rossendale,Owns Outright,10560,34.6,3
South Ribble,Owns Outright,19428,40,2.7
West Lancashire,Owns Outright,18987,39.1,3.3
Wyre,Owns Outright,22699,44.7,1.5
Blaby,Owns Outright,17012,40,1.8
Charnwood,Owns Outright,27619,37.4,1.8
Harborough,Owns Outright,16484,40.8,2.4
Hinckley and Bosworth,Owns Outright,19715,39.9,2.7
Melton,Owns Outright,9160,40.5,4.6
North West Leicestershire,Owns Outright,16599,36.9,2.2
Oadby and Wigston,Owns Outright,9711,42.9,0.4
Boston,Owns Outright,9967,33.9,0
East Lindsey,Owns Outright,29907,46.2,3.8
Lincoln,Owns Outright,11092,26.1,1.7
North Kesteven,Owns Outright,20386,40,2.8
South Holland,Owns Outright,16604,40.8,1.6
South Kesteven,Owns Outright,23765,37.8,4.2
West Lindsey,Owns Outright,17553,41.5,3.2
Breckland,Owns Outright,24126,40,3
Broadland,Owns Outright,26448,45.8,2.5
Great Yarmouth,Owns Outright,16978,38.1,2.4
King's Lynn and West Norfolk,Owns Outright,28053,41.6,2
North Norfolk,Owns Outright,23509,48.6,2.8
Norwich,Owns Outright,14312,22.2,1.5
South Norfolk,Owns Outright,25720,41.9,1.1
Craven,Owns Outright,11826,45.4,3.1
Hambleton,Owns Outright,17772,43.6,3.9
Harrogate,Owns Outright,28936,40.7,3.3
Richmondshire,Owns Outright,8518,40.7,4.6
Ryedale,Owns Outright,10820,43.8,2.4
Scarborough,Owns Outright,21164,41.4,2.3
Selby,Owns Outright,14590,36.9,2.4
Ashfield,Owns Outright,19484,35.7,2.5
Bassetlaw,Owns Outright,19442,37.8,3.6
Broxtowe,Owns Outright,19301,39.9,2.9
Gedling,Owns Outright,20649,40.1,2.4
Mansfield,Owns Outright,16668,34.7,2.1
Newark and Sherwood,Owns Outright,20525,38.5,2.8
Rushcliffe,Owns Outright,20508,41.1,1.9
Cherwell,Owns Outright,21431,32.5,1.7
Oxford,Owns Outright,13993,25.3,1.4
South Oxfordshire,Owns Outright,23180,37.7,0.5
Vale of White Horse,Owns Outright,20812,36.2,0.4
West Oxfordshire,Owns Outright,17963,37.4,2.9
Mendip,Owns Outright,20657,41.1,3.4
Sedgemoor,Owns Outright,21144,39.2,1.7
South Somerset,Owns Outright,31355,41.3,2.8
Cannock Chase,Owns Outright,14718,33.9,3.4
East Staffordshire,Owns Outright,18695,36.4,1.4
Lichfield,Owns Outright,18902,41.4,2.7
Newcastle-under-Lyme,Owns Outright,20435,38.3,3.1
South Staffordshire,Owns Outright,20310,44,4
Stafford,Owns Outright,23474,39.1,2.7
Staffordshire Moorlands,Owns Outright,20401,48.2,4.1
Tamworth,Owns Outright,10967,33.3,5.5
Babergh,Owns Outright,17460,43.4,3.8
Ipswich,Owns Outright,16810,28.2,2.6
Mid Suffolk,Owns Outright,19151,43.2,3.8
Elmbridge,Owns Outright,18809,33.8,-0.4
Epsom and Ewell,Owns Outright,11364,36.3,-0.5
Guildford,Owns Outright,19267,34.6,0.8
Mole Valley,Owns Outright,15136,40.8,1.6
Reigate and Banstead,Owns Outright,20196,33.7,0.6
Runnymede,Owns Outright,11431,32.8,-0.3
Spelthorne,Owns Outright,13980,33.4,-0.5
Surrey Heath,Owns Outright,13156,36.5,1.8
Tandridge,Owns Outright,13326,37.4,1.2
Waverley,Owns Outright,20039,38.2,0.5
Woking,Owns Outright,13251,32,0.4
North Warwickshire,Owns Outright,10558,38.3,3.4
Nuneaton and Bedworth,Owns Outright,19829,35,1.8
Rugby,Owns Outright,15703,33.4,0.5
Stratford-on-Avon,Owns Outright,24156,40.6,1.5
Warwick,Owns Outright,21411,34.2,1.5
Adur,Owns Outright,11101,40.1,2.3
Arun,Owns Outright,32182,44.3,1.4
Chichester,Owns Outright,22715,42,1.4
Crawley,Owns Outright,10940,24,1.9
Horsham,Owns Outright,24482,39.3,2
Mid Sussex,Owns Outright,23259,36.7,1.2
Worthing,Owns Outright,18052,36.4,1.6
Bromsgrove,Owns Outright,17483,42.4,1.7
Malvern Hills,Owns Outright,15753,45.2,2.7
Redditch,Owns Outright,11254,30.9,4.4
Worcester,Owns Outright,14320,32,3
Wychavon,Owns Outright,23188,40.4,1.7
Wyre Forest,Owns Outright,18477,40.8,3.1
St Albans,Owns Outright,20615,34.9,0.4
Welwyn Hatfield,Owns Outright,12711,27.5,1
East Hertfordshire,Owns Outright,21140,34.1,1.9
Stevenage,Owns Outright,9522,26.1,3.9
East Suffolk,Owns Outright,49014,44.3,2.8
West Suffolk,Owns Outright,26398,33.5,2.1
Somerset West and Taunton,Owns Outright,27731,39.6,2.3
Bolton,Owns Outright,39475,33.2,2.8
Bury,Owns Outright,27752,34.4,2.6
Manchester,Owns Outright,35423,16.5,1.3
Oldham,Owns Outright,29384,31.5,1.2
Rochdale,Owns Outright,27411,30.4,2.6
Salford,Owns Outright,25294,22,0.1
Stockport,Owns Outright,46498,36.7,1.7
Tameside,Owns Outright,30363,30.5,2.4
Trafford,Owns Outright,33149,34.4,2.3
Wigan,Owns Outright,49212,34.4,3.3
Knowsley,Owns Outright,18902,28.6,2.5
Liverpool,Owns Outright,50393,24.3,3.1
St. Helens,Owns Outright,28023,34.6,1.3
Sefton,Owns Outright,46426,37.7,1.8
Wirral,Owns Outright,51333,35.8,2.5
Barnsley,Owns Outright,35620,33,2.4
Doncaster,Owns Outright,44881,33.6,2.6
Rotherham,Owns Outright,38318,33.6,3.1
Sheffield,Owns Outright,71903,31,3.9
Newcastle upon Tyne,Owns Outright,30707,25,2.6
North Tyneside,Owns Outright,31038,32.3,4.2
South Tyneside,Owns Outright,20503,30,4.7
Sunderland,Owns Outright,38312,31.4,4.3
Birmingham,Owns Outright,114970,27.2,1.2
Coventry,Owns Outright,40278,30,0.8
Dudley,Owns Outright,51133,37.3,2.4
Sandwell,Owns Outright,35924,27.6,1
Solihull,Owns Outright,35054,39.2,1.7
Walsall,Owns Outright,36296,32.3,1.3
Wolverhampton,Owns Outright,31345,29.8,1
Bradford,Owns Outright,66875,31.9,2.5
Calderdale,Owns Outright,31269,34.6,3.3
Kirklees,Owns Outright,62352,35,3
Leeds,Owns Outright,95452,28,1.9
Wakefield,Owns Outright,48566,31.7,2.7
Gateshead,Owns Outright,27161,30.5,4.6
City of London,Owns Outright,1114,22.7,-2.3
Barking and Dagenham,Owns Outright,11130,15.1,-2
Barnet,Owns Outright,39083,26.2,-1.8
Bexley,Owns Outright,31210,32.7,0.2
Brent,Owns Outright,23933,20.2,-0.1
Bromley,Owns Outright,44794,33,-0.4
Camden,Owns Outright,14780,15.9,-1.1
Croydon,Owns Outright,36992,24.2,0.1
Ealing,Owns Outright,30275,22.7,-0.2
Enfield,Owns Outright,31740,26.2,0
Greenwich,Owns Outright,18473,16.2,-0.2
Hackney,Owns Outright,10263,9.7,1.2
Hammersmith and Fulham,Owns Outright,12483,15.4,-0.5
Haringey,Owns Outright,18141,17.3,1.2
Harrow,Owns Outright,26947,30.1,-1.1
Havering,Owns Outright,34918,34.5,-1.1
Hillingdon,Owns Outright,28994,26.5,-1.3
Hounslow,Owns Outright,21761,21.1,0
Islington,Owns Outright,11151,11.6,0.2
Kensington and Chelsea,Owns Outright,13301,19.9,-2.9
Kingston upon Thames,Owns Outright,18519,28.2,0.4
Lambeth,Owns Outright,16180,12,0.6
Lewisham,Owns Outright,18853,15.4,0.5
Merton,Owns Outright,20695,25.3,-0.3
Newham,Owns Outright,14695,12.7,-0.1
Redbridge,Owns Outright,27956,27,-1.2
Richmond upon Thames,Owns Outright,24535,30.4,0.6
Southwark,Owns Outright,13879,10.6,0.8
Sutton,Owns Outright,23400,28.4,-0.2
Tower Hamlets,Owns Outright,9424,7.8,-0.7
Waltham Forest,Owns Outright,20817,20.2,0.2
Wandsworth,Owns Outright,24410,17.8,-0.7
Westminster,Owns Outright,15213,16,-1.6
Isle of Anglesey,Owns Outright,13756,44.6,4
Gwynedd,Owns Outright,22214,43.5,3.1
Conwy,Owns Outright,22759,43.6,3.7
Denbighshire,Owns Outright,16828,39.7,2.9
Flintshire,Owns Outright,25945,38.8,3.7
Wrexham,Owns Outright,19947,34.4,4
Ceredigion,Owns Outright,14798,47.9,4.1
Pembrokeshire,Owns Outright,24647,44.4,2.4
Carmarthenshire,Owns Outright,35629,43.6,2.2
Swansea,Owns Outright,37162,35.4,2
Neath Port Talbot,Owns Outright,23850,38.2,1.8
Bridgend,Owns Outright,23670,38,3
Vale of Glamorgan,Owns Outright,22052,38.4,3
Cardiff,Owns Outright,42072,28.6,2
Rhondda Cynon Taf,Owns Outright,39686,38.4,1.9
Caerphilly,Owns Outright,27449,36,3.5
Blaenau Gwent,Owns Outright,10564,34.8,1.9
Torfaen,Owns Outright,13952,34.7,3.1
Monmouthshire,Owns Outright,17738,43.3,3.4
Newport,Owns Outright,20172,30.5,0.7
Powys,Owns Outright,28098,46.7,2.8
Merthyr Tydfil,Owns Outright,9101,35.3,1.2
Hartlepool,Owns with a mortgage or loan or shared ownership,11312,27.6,-5.3
Middlesbrough,Owns with a mortgage or loan or shared ownership,16243,27,-4.3
Redcar and Cleveland,Owns with a mortgage or loan or shared ownership,17551,28.5,-5.3
Stockton-on-Tees,Owns with a mortgage or loan or shared ownership,28071,33.5,-5.9
Darlington,Owns with a mortgage or loan or shared ownership,14664,30,-5.7
Halton,Owns with a mortgage or loan or shared ownership,17173,30.7,-6.2
Warrington,Owns with a mortgage or loan or shared ownership,30932,34.2,-6.2
Blackburn with Darwen,Owns with a mortgage or loan or shared ownership,16266,27.7,-5.5
Blackpool,Owns with a mortgage or loan or shared ownership,17099,26.4,-5.6
"Kingston upon Hull, City of",Owns with a mortgage or loan or shared ownership,29631,25.7,-4.5
East Riding of Yorkshire,Owns with a mortgage or loan or shared ownership,46152,30.3,-6
North East Lincolnshire,Owns with a mortgage or loan or shared ownership,20569,29.5,-6.1
North Lincolnshire,Owns with a mortgage or loan or shared ownership,21771,29.8,-7
York,Owns with a mortgage or loan or shared ownership,24901,29.1,-3.8
Derby,Owns with a mortgage or loan or shared ownership,29775,28.2,-4.5
Leicester,Owns with a mortgage or loan or shared ownership,28768,22.6,-5
Rutland,Owns with a mortgage or loan or shared ownership,4788,28.7,-3.5
Nottingham,Owns with a mortgage or loan or shared ownership,28984,23.2,-2.5
"Herefordshire, County of",Owns with a mortgage or loan or shared ownership,20809,25.1,-4.1
Telford and Wrekin,Owns with a mortgage or loan or shared ownership,23362,30.5,-6.4
Stoke-on-Trent,Owns with a mortgage or loan or shared ownership,29499,26.7,-4.6
Bath and North East Somerset,Owns with a mortgage or loan or shared ownership,23668,29.9,-2.2
"Bristol, City of",Owns with a mortgage or loan or shared ownership,56877,29.7,-0.5
North Somerset,Owns with a mortgage or loan or shared ownership,31211,33,-3.8
South Gloucestershire,Owns with a mortgage or loan or shared ownership,43503,36.8,-4.1
Plymouth,Owns with a mortgage or loan or shared ownership,33604,29.3,-2.9
Torbay,Owns with a mortgage or loan or shared ownership,16321,25.9,-5.4
Swindon,Owns with a mortgage or loan or shared ownership,34278,35.8,-5.3
Peterborough,Owns with a mortgage or loan or shared ownership,25791,30.5,-3.8
Luton,Owns with a mortgage or loan or shared ownership,22707,28.8,-6.7
Southend-on-Sea,Owns with a mortgage or loan or shared ownership,23804,30.4,-4.4
Thurrock,Owns with a mortgage or loan or shared ownership,25553,38.5,-2.7
Medway,Owns with a mortgage or loan or shared ownership,39380,35.3,-4.5
Bracknell Forest,Owns with a mortgage or loan or shared ownership,19930,39.7,-5.1
West Berkshire,Owns with a mortgage or loan or shared ownership,22706,34.1,-5.5
Reading,Owns with a mortgage or loan or shared ownership,19590,28.9,-5.1
Slough,Owns with a mortgage or loan or shared ownership,15759,30.1,-5.3
Windsor and Maidenhead,Owns with a mortgage or loan or shared ownership,20305,33.3,-2.7
Wokingham,Owns with a mortgage or loan or shared ownership,29073,42,-3.3
Milton Keynes,Owns with a mortgage or loan or shared ownership,41657,36.8,-5.5
Brighton and Hove,Owns with a mortgage or loan or shared ownership,32970,27.2,-3.6
Portsmouth,Owns with a mortgage or loan or shared ownership,23835,27.7,-4
Southampton,Owns with a mortgage or loan or shared ownership,26850,26.2,-2.9
Isle of Wight,Owns with a mortgage or loan or shared ownership,15592,24.1,-5.5
County Durham,Owns with a mortgage or loan or shared ownership,66467,28.3,-6.7
Cheshire East,Owns with a mortgage or loan or shared ownership,58227,33.3,-4.1
Cheshire West and Chester,Owns with a mortgage or loan or shared ownership,50281,32.4,-4.4
Shropshire,Owns with a mortgage or loan or shared ownership,37692,27,-4.2
Cornwall,Owns with a mortgage or loan or shared ownership,64248,25.6,-3.9
Isles of Scilly,Owns with a mortgage or loan or shared ownership,112,11.9,1.1
Wiltshire,Owns with a mortgage or loan or shared ownership,66093,30.7,-3.7
Bedford,Owns with a mortgage or loan or shared ownership,25032,33.4,-2
Central Bedfordshire,Owns with a mortgage or loan or shared ownership,47417,39.3,-2.5
Northumberland,Owns with a mortgage or loan or shared ownership,39905,27.2,-5.8
"Bournemouth, Christchurch and Poole",Owns with a mortgage or loan or shared ownership,50711,29.2,-2.9
Dorset,Owns with a mortgage or loan or shared ownership,43213,25.5,-4.3
Buckinghamshire,Owns with a mortgage or loan or shared ownership,79839,36.2,-2.6
North Northamptonshire,Owns with a mortgage or loan or shared ownership,51005,34.3,-5.2
West Northamptonshire,Owns with a mortgage or loan or shared ownership,60820,35.2,-4.5
Cambridge,Owns with a mortgage or loan or shared ownership,11106,21.2,-2.5
East Cambridgeshire,Owns with a mortgage or loan or shared ownership,12387,33.3,-4.5
Fenland,Owns with a mortgage or loan or shared ownership,13056,29.6,-5.2
Huntingdonshire,Owns with a mortgage or loan or shared ownership,26453,34.4,-5.6
South Cambridgeshire,Owns with a mortgage or loan or shared ownership,23413,34.9,-2.8
Allerdale,Owns with a mortgage or loan or shared ownership,11517,26.2,-3.9
Barrow-in-Furness,Owns with a mortgage or loan or shared ownership,10265,32.8,-4.2
Carlisle,Owns with a mortgage or loan or shared ownership,15039,29.7,-4.6
Copeland,Owns with a mortgage or loan or shared ownership,8947,29.1,-5.2
Eden,Owns with a mortgage or loan or shared ownership,5958,24.2,-3.7
South Lakeland,Owns with a mortgage or loan or shared ownership,12149,25.5,-3.3
Amber Valley,Owns with a mortgage or loan or shared ownership,17771,31.6,-4.7
Bolsover,Owns with a mortgage or loan or shared ownership,10990,31.2,-3.5
Chesterfield,Owns with a mortgage or loan or shared ownership,12982,27,-4.3
Derbyshire Dales,Owns with a mortgage or loan or shared ownership,8143,25.2,-4
Erewash,Owns with a mortgage or loan or shared ownership,16550,32.9,-6.2
High Peak,Owns with a mortgage or loan or shared ownership,12846,31.5,-6
North East Derbyshire,Owns with a mortgage or loan or shared ownership,13737,29.9,-3.2
South Derbyshire,Owns with a mortgage or loan or shared ownership,17689,39.1,-2.7
East Devon,Owns with a mortgage or loan or shared ownership,17914,26.8,-1.6
Exeter,Owns with a mortgage or loan or shared ownership,14286,27.2,-3.5
Mid Devon,Owns with a mortgage or loan or shared ownership,10353,29.1,-3.7
North Devon,Owns with a mortgage or loan or shared ownership,11502,26.6,-3.4
South Hams,Owns with a mortgage or loan or shared ownership,10636,27,-3
Teignbridge,Owns with a mortgage or loan or shared ownership,17545,29.3,-4.3
Torridge,Owns with a mortgage or loan or shared ownership,7581,24.9,-4.4
West Devon,Owns with a mortgage or loan or shared ownership,6219,25.1,-4.8
Eastbourne,Owns with a mortgage or loan or shared ownership,11194,24.5,-4.4
Hastings,Owns with a mortgage or loan or shared ownership,10446,25.8,-2.9
Lewes,Owns with a mortgage or loan or shared ownership,12959,29.7,-3.9
Rother,Owns with a mortgage or loan or shared ownership,10582,25.1,-3.5
Wealden,Owns with a mortgage or loan or shared ownership,22827,33.4,-3.9
Basildon,Owns with a mortgage or loan or shared ownership,26144,34.2,-3.8
Braintree,Owns with a mortgage or loan or shared ownership,22303,34.3,-4.4
Brentwood,Owns with a mortgage or loan or shared ownership,11675,36.1,-1.7
Castle Point,Owns with a mortgage or loan or shared ownership,13135,35.1,-4.7
Chelmsford,Owns with a mortgage or loan or shared ownership,26570,35.2,-4.6
Colchester,Owns with a mortgage or loan or shared ownership,25771,32.3,-2.6
Epping Forest,Owns with a mortgage or loan or shared ownership,19160,35.1,-2.8
Harlow,Owns with a mortgage or loan or shared ownership,12121,32,-3.8
Maldon,Owns with a mortgage or loan or shared ownership,9261,33.2,-5.7
Rochford,Owns with a mortgage or loan or shared ownership,13307,37.4,-4.2
Tendring,Owns with a mortgage or loan or shared ownership,17019,25.2,-4.2
Uttlesford,Owns with a mortgage or loan or shared ownership,13568,36.7,-1.9
Cheltenham,Owns with a mortgage or loan or shared ownership,15670,29.6,-3.5
Cotswold,Owns with a mortgage or loan or shared ownership,11129,27.4,-1.7
Forest of Dean,Owns with a mortgage or loan or shared ownership,10871,29.2,-4.7
Gloucester,Owns with a mortgage or loan or shared ownership,18499,33.4,-5.7
Stroud,Owns with a mortgage or loan or shared ownership,17163,32.8,-3
Tewkesbury,Owns with a mortgage or loan or shared ownership,13893,33.9,-2.4
Basingstoke and Deane,Owns with a mortgage or loan or shared ownership,27645,36.1,-4.9
East Hampshire,Owns with a mortgage or loan or shared ownership,18147,34.4,-3.3
Eastleigh,Owns with a mortgage or loan or shared ownership,21539,37.8,-3.7
Fareham,Owns with a mortgage or loan or shared ownership,17379,35.7,-6
Gosport,Owns with a mortgage or loan or shared ownership,10969,30.5,-6.4
Hart,Owns with a mortgage or loan or shared ownership,16046,40.2,-3.6
Havant,Owns with a mortgage or loan or shared ownership,15995,29.8,-4.3
New Forest,Owns with a mortgage or loan or shared ownership,21875,28.2,-3.9
Rushmoor,Owns with a mortgage or loan or shared ownership,14474,36.8,-5.3
Test Valley,Owns with a mortgage or loan or shared ownership,19023,34.8,-1.8
Winchester,Owns with a mortgage or loan or shared ownership,15972,30.9,-2.6
Broxbourne,Owns with a mortgage or loan or shared ownership,14599,36.6,-4.8
Dacorum,Owns with a mortgage or loan or shared ownership,21331,33.6,-2.7
Hertsmere,Owns with a mortgage or loan or shared ownership,14660,34.3,-3.1
North Hertfordshire,Owns with a mortgage or loan or shared ownership,18470,32.6,-3.6
Three Rivers,Owns with a mortgage or loan or shared ownership,13610,36.9,-2.2
Watford,Owns with a mortgage or loan or shared ownership,12687,32,-6.4
Ashford,Owns with a mortgage or loan or shared ownership,18482,34.5,-3.4
Canterbury,Owns with a mortgage or loan or shared ownership,17422,27.3,-4
Dartford,Owns with a mortgage or loan or shared ownership,18736,41,0.2
Dover,Owns with a mortgage or loan or shared ownership,14112,27.9,-3.9
Gravesham,Owns with a mortgage or loan or shared ownership,13385,32.1,-2.5
Maidstone,Owns with a mortgage or loan or shared ownership,25149,35.3,-3.3
Sevenoaks,Owns with a mortgage or loan or shared ownership,17210,35.1,-1.8
Folkestone and Hythe,Owns with a mortgage or loan or shared ownership,13206,27.3,-2.6
Swale,Owns with a mortgage or loan or shared ownership,20547,34,-4
Thanet,Owns with a mortgage or loan or shared ownership,15713,25.3,-3.7
Tonbridge and Malling,Owns with a mortgage or loan or shared ownership,20234,37.8,-2.3
Tunbridge Wells,Owns with a mortgage or loan or shared ownership,15590,32.3,-2.1
Burnley,Owns with a mortgage or loan or shared ownership,10876,27.3,-6.5
Chorley,Owns with a mortgage or loan or shared ownership,17956,35.8,-4.6
Fylde,Owns with a mortgage or loan or shared ownership,10863,28.9,-4.2
Hyndburn,Owns with a mortgage or loan or shared ownership,10107,29.1,-5.5
Lancaster,Owns with a mortgage or loan or shared ownership,17602,29.3,-4.3
Pendle,Owns with a mortgage or loan or shared ownership,10676,28,-4.7
Preston,Owns with a mortgage or loan or shared ownership,17035,28.6,-4.3
Ribble Valley,Owns with a mortgage or loan or shared ownership,8938,33.4,-1.9
Rossendale,Owns with a mortgage or loan or shared ownership,10262,33.6,-4.9
South Ribble,Owns with a mortgage or loan or shared ownership,17895,36.8,-5.2
West Lancashire,Owns with a mortgage or loan or shared ownership,15780,32.5,-5.2
Wyre,Owns with a mortgage or loan or shared ownership,14946,29.4,-5.5
Blaby,Owns with a mortgage or loan or shared ownership,16609,39,-4.4
Charnwood,Owns with a mortgage or loan or shared ownership,24654,33.4,-3.8
Harborough,Owns with a mortgage or loan or shared ownership,14953,37,-3.9
Hinckley and Bosworth,Owns with a mortgage or loan or shared ownership,17525,35.4,-4.7
Melton,Owns with a mortgage or loan or shared ownership,7120,31.5,-5.6
North West Leicestershire,Owns with a mortgage or loan or shared ownership,16169,36,-2.6
Oadby and Wigston,Owns with a mortgage or loan or shared ownership,7464,33,-6
Boston,Owns with a mortgage or loan or shared ownership,7714,26.2,-4.6
East Lindsey,Owns with a mortgage or loan or shared ownership,14424,22.3,-5.3
Lincoln,Owns with a mortgage or loan or shared ownership,10761,25.3,-5.9
North Kesteven,Owns with a mortgage or loan or shared ownership,17260,33.9,-3.8
South Holland,Owns with a mortgage or loan or shared ownership,12153,29.9,-4.1
South Kesteven,Owns with a mortgage or loan or shared ownership,19809,31.5,-5.2
West Lindsey,Owns with a mortgage or loan or shared ownership,12597,29.7,-5.6
Breckland,Owns with a mortgage or loan or shared ownership,16768,27.8,-4.4
Broadland,Owns with a mortgage or loan or shared ownership,18586,32.2,-4.5
Great Yarmouth,Owns with a mortgage or loan or shared ownership,10671,24,-5
King's Lynn and West Norfolk,Owns with a mortgage or loan or shared ownership,17473,41.6,2
North Norfolk,Owns with a mortgage or loan or shared ownership,10034,20.7,-4
Norwich,Owns with a mortgage or loan or shared ownership,13160,20.4,-3.5
South Norfolk,Owns with a mortgage or loan or shared ownership,19931,32.5,-2.6
Craven,Owns with a mortgage or loan or shared ownership,7021,26.9,-4.4
Hambleton,Owns with a mortgage or loan or shared ownership,10728,26.3,-4
Harrogate,Owns with a mortgage or loan or shared ownership,21618,30.4,-3.9
Richmondshire,Owns with a mortgage or loan or shared ownership,5093,24.3,-4
Ryedale,Owns with a mortgage or loan or shared ownership,5876,23.8,-2.3
Scarborough,Owns with a mortgage or loan or shared ownership,11792,23.1,-4.2
Selby,Owns with a mortgage or loan or shared ownership,14772,37.3,-3.7
Ashfield,Owns with a mortgage or loan or shared ownership,17487,32.1,-4.3
Bassetlaw,Owns with a mortgage or loan or shared ownership,15889,30.9,-4.8
Broxtowe,Owns with a mortgage or loan or shared ownership,15304,31.6,-4.9
Gedling,Owns with a mortgage or loan or shared ownership,17687,34.3,-3.8
Mansfield,Owns with a mortgage or loan or shared ownership,14302,29.8,-4.5
Newark and Sherwood,Owns with a mortgage or loan or shared ownership,16705,31.3,-4.2
Rushcliffe,Owns with a mortgage or loan or shared ownership,17777,35.6,-2.5
Cherwell,Owns with a mortgage or loan or shared ownership,22661,34.4,-4.8
Oxford,Owns with a mortgage or loan or shared ownership,11835,21.4,-3.1
South Oxfordshire,Owns with a mortgage or loan or shared ownership,21131,34.4,-2.2
Vale of White Horse,Owns with a mortgage or loan or shared ownership,19453,33.8,-1.7
West Oxfordshire,Owns with a mortgage or loan or shared ownership,15077,31.4,-5.1
Mendip,Owns with a mortgage or loan or shared ownership,14489,28.8,-4.6
Sedgemoor,Owns with a mortgage or loan or shared ownership,16170,30,-4.3
South Somerset,Owns with a mortgage or loan or shared ownership,21066,27.7,-4.9
Cannock Chase,Owns with a mortgage or loan or shared ownership,14735,33.9,-5.4
East Staffordshire,Owns with a mortgage or loan or shared ownership,15940,31.1,-4
Lichfield,Owns with a mortgage or loan or shared ownership,14973,32.8,-4.7
Newcastle-under-Lyme,Owns with a mortgage or loan or shared ownership,16066,30.1,-4.3
South Staffordshire,Owns with a mortgage or loan or shared ownership,14451,31.3,-4.9
Stafford,Owns with a mortgage or loan or shared ownership,19058,31.7,-4
Staffordshire Moorlands,Owns with a mortgage or loan or shared ownership,12904,30.5,-5.4
Tamworth,Owns with a mortgage or loan or shared ownership,11303,34.4,-6.6
Babergh,Owns with a mortgage or loan or shared ownership,11387,28.3,-4.4
Ipswich,Owns with a mortgage or loan or shared ownership,16535,27.8,-3.8
Mid Suffolk,Owns with a mortgage or loan or shared ownership,14053,31.7,-4.9
Elmbridge,Owns with a mortgage or loan or shared ownership,21418,38.5,-1
Epsom and Ewell,Owns with a mortgage or loan or shared ownership,12161,38.8,-2.2
Guildford,Owns with a mortgage or loan or shared ownership,18446,33.1,-3.3
Mole Valley,Owns with a mortgage or loan or shared ownership,12433,33.5,-1.9
Reigate and Banstead,Owns with a mortgage or loan or shared ownership,23343,39,-2.1
Runnymede,Owns with a mortgage or loan or shared ownership,12216,35.1,-2.3
Spelthorne,Owns with a mortgage or loan or shared ownership,15020,35.9,-4.1
Surrey Heath,Owns with a mortgage or loan or shared ownership,13859,38.5,-4.3
Tandridge,Owns with a mortgage or loan or shared ownership,13615,38.2,-2.4
Waverley,Owns with a mortgage or loan or shared ownership,18240,34.8,-2.2
Woking,Owns with a mortgage or loan or shared ownership,14618,35.3,-4.5
North Warwickshire,Owns with a mortgage or loan or shared ownership,9117,33.1,-5.1
Nuneaton and Bedworth,Owns with a mortgage or loan or shared ownership,19136,33.8,-4.8
Rugby,Owns with a mortgage or loan or shared ownership,16704,35.5,-2
Stratford-on-Avon,Owns with a mortgage or loan or shared ownership,19027,32,-1.8
Warwick,Owns with a mortgage or loan or shared ownership,20440,32.6,-2.2
Adur,Owns with a mortgage or loan or shared ownership,9019,32.6,-3.9
Arun,Owns with a mortgage or loan or shared ownership,20424,28.1,-3.7
Chichester,Owns with a mortgage or loan or shared ownership,13411,24.8,-2.8
Crawley,Owns with a mortgage or loan or shared ownership,14983,32.9,-5.3
Horsham,Owns with a mortgage or loan or shared ownership,21655,34.7,-3.2
Mid Sussex,Owns with a mortgage or loan or shared ownership,23564,37.2,-2.5
Worthing,Owns with a mortgage or loan or shared ownership,15710,31.7,-3.3
Bromsgrove,Owns with a mortgage or loan or shared ownership,14969,36.3,-3.2
Malvern Hills,Owns with a mortgage or loan or shared ownership,9471,27.1,-3.1
Redditch,Owns with a mortgage or loan or shared ownership,12475,34.3,-5.2
Worcester,Owns with a mortgage or loan or shared ownership,13614,30.4,-6
Wychavon,Owns with a mortgage or loan or shared ownership,17705,30.9,-3.6
Wyre Forest,Owns with a mortgage or loan or shared ownership,13145,29,-4.5
St Albans,Owns with a mortgage or loan or shared ownership,21534,36.5,-2.1
Welwyn Hatfield,Owns with a mortgage or loan or shared ownership,14112,30.5,-1.2
East Hertfordshire,Owns with a mortgage or loan or shared ownership,22785,36.7,-3.9
Stevenage,Owns with a mortgage or loan or shared ownership,11900,32.6,-4.7
East Suffolk,Owns with a mortgage or loan or shared ownership,27709,25,-5.3
West Suffolk,Owns with a mortgage or loan or shared ownership,21933,27.9,-4.7
Somerset West and Taunton,Owns with a mortgage or loan or shared ownership,18683,26.7,-3.3
Bolton,Owns with a mortgage or loan or shared ownership,34101,28.7,-5.1
Bury,Owns with a mortgage or loan or shared ownership,26532,32.9,-5.3
Manchester,Owns with a mortgage or loan or shared ownership,46181,21.5,-1.8
Oldham,Owns with a mortgage or loan or shared ownership,27257,29.3,-5.8
Rochdale,Owns with a mortgage or loan or shared ownership,27308,30.3,-4.2
Salford,Owns with a mortgage or loan or shared ownership,29420,25.6,-3.4
Stockport,Owns with a mortgage or loan or shared ownership,45013,35.5,-3.4
Tameside,Owns with a mortgage or loan or shared ownership,30478,30.6,-5.4
Trafford,Owns with a mortgage or loan or shared ownership,33892,35.2,-2.6
Wigan,Owns with a mortgage or loan or shared ownership,46421,32.4,-4.5
Knowsley,Owns with a mortgage or loan or shared ownership,20927,31.7,-4.5
Liverpool,Owns with a mortgage or loan or shared ownership,48026,23.1,-3.1
St. Helens,Owns with a mortgage or loan or shared ownership,24653,30.4,-4.1
Sefton,Owns with a mortgage or loan or shared ownership,36410,29.6,-5.6
Wirral,Owns with a mortgage or loan or shared ownership,42668,29.8,-4.9
Barnsley,Owns with a mortgage or loan or shared ownership,32255,29.9,-4.4
Doncaster,Owns with a mortgage or loan or shared ownership,39565,29.6,-5.1
Rotherham,Owns with a mortgage or loan or shared ownership,34645,30.4,-4.6
Sheffield,Owns with a mortgage or loan or shared ownership,64050,27.6,-4
Newcastle upon Tyne,Owns with a mortgage or loan or shared ownership,30349,24.7,-2.8
North Tyneside,Owns with a mortgage or loan or shared ownership,30737,31.9,-5.2
South Tyneside,Owns with a mortgage or loan or shared ownership,18488,27.1,-5.1
Sunderland,Owns with a mortgage or loan or shared ownership,33164,27.1,-5.8
Birmingham,Owns with a mortgage or loan or shared ownership,111687,26.4,-3.8
Coventry,Owns with a mortgage or loan or shared ownership,37690,28.1,-3.8
Dudley,Owns with a mortgage or loan or shared ownership,40538,29.6,-4.8
Sandwell,Owns with a mortgage or loan or shared ownership,34711,26.7,-4.3
Solihull,Owns with a mortgage or loan or shared ownership,30294,33.9,-3.2
Walsall,Owns with a mortgage or loan or shared ownership,30850,27.5,-4.4
Wolverhampton,Owns with a mortgage or loan or shared ownership,26910,25.6,-2.6
Bradford,Owns with a mortgage or loan or shared ownership,63741,30.4,-5.9
Calderdale,Owns with a mortgage or loan or shared ownership,27536,30.4,-5.3
Kirklees,Owns with a mortgage or loan or shared ownership,54932,30.9,-4.5
Leeds,Owns with a mortgage or loan or shared ownership,101079,29.6,-3
Wakefield,Owns with a mortgage or loan or shared ownership,48460,31.7,-3.4
Gateshead,Owns with a mortgage or loan or shared ownership,24798,27.9,-4.9
City of London,Owns with a mortgage or loan or shared ownership,692,14.1,-3.6
Barking and Dagenham,Owns with a mortgage or loan or shared ownership,21463,29,-1.6
Barnet,Owns with a mortgage or loan or shared ownership,40957,27.5,-3
Bexley,Owns with a mortgage or loan or shared ownership,35470,37.2,-3.6
Brent,Owns with a mortgage or loan or shared ownership,23906,20.2,-3.9
Bromley,Owns with a mortgage or loan or shared ownership,49400,36.4,-2
Camden,Owns with a mortgage or loan or shared ownership,13442,14.5,-1.3
Croydon,Owns with a mortgage or loan or shared ownership,48858,31.9,-4.1
Ealing,Owns with a mortgage or loan or shared ownership,34197,25.6,-4.4
Enfield,Owns with a mortgage or loan or shared ownership,32926,27.2,-5.4
Greenwich,Owns with a mortgage or loan or shared ownership,30925,27.1,-1.3
Hackney,Owns with a mortgage or loan or shared ownership,18467,17.4,-0.2
Hammersmith and Fulham,Owns with a mortgage or loan or shared ownership,14815,18.2,-1.5
Haringey,Owns with a mortgage or loan or shared ownership,22707,21.6,-2.7
Harrow,Owns with a mortgage or loan or shared ownership,26750,29.8,-5.3
Havering,Owns with a mortgage or loan or shared ownership,36437,36,-2.8
Hillingdon,Owns with a mortgage or loan or shared ownership,34210,31.3,-5
Hounslow,Owns with a mortgage or loan or shared ownership,27508,26.7,-4.6
Islington,Owns with a mortgage or loan or shared ownership,16169,16.8,-1.6
Kensington and Chelsea,Owns with a mortgage or loan or shared ownership,8566,12.8,-0.9
Kingston upon Thames,Owns with a mortgage or loan or shared ownership,21878,33.3,-3.5
Lambeth,Owns with a mortgage or loan or shared ownership,30730,22.8,-0.3
Lewisham,Owns with a mortgage or loan or shared ownership,34321,28,-0.7
Merton,Owns with a mortgage or loan or shared ownership,25642,31.4,-3.2
Newham,Owns with a mortgage or loan or shared ownership,23623,20.5,-1.8
Redbridge,Owns with a mortgage or loan or shared ownership,32248,31.1,-5.3
Richmond upon Thames,Owns with a mortgage or loan or shared ownership,26386,32.7,-1.9
Southwark,Owns with a mortgage or loan or shared ownership,27052,20.7,-0.9
Sutton,Owns with a mortgage or loan or shared ownership,30536,37.1,-3.1
Tower Hamlets,Owns with a mortgage or loan or shared ownership,21602,17.9,-0.1
Waltham Forest,Owns with a mortgage or loan or shared ownership,31239,30.4,-0.6
Wandsworth,Owns with a mortgage or loan or shared ownership,36424,26.5,-2
Westminster,Owns with a mortgage or loan or shared ownership,11444,12.1,-1.6
Isle of Anglesey,Owns with a mortgage or loan or shared ownership,7351,23.8,-4.2
Gwynedd,Owns with a mortgage or loan or shared ownership,11364,22.2,-3.2
Conwy,Owns with a mortgage or loan or shared ownership,13258,25.4,-4.8
Denbighshire,Owns with a mortgage or loan or shared ownership,11346,26.8,-5.6
Flintshire,Owns with a mortgage or loan or shared ownership,22381,33.4,-4.8
Wrexham,Owns with a mortgage or loan or shared ownership,16453,28.4,-5.1
Ceredigion,Owns with a mortgage or loan or shared ownership,6474,21,-3.2
Pembrokeshire,Owns with a mortgage or loan or shared ownership,12697,22.9,-4.2
Carmarthenshire,Owns with a mortgage or loan or shared ownership,22145,27.1,-3.2
Swansea,Owns with a mortgage or loan or shared ownership,28539,27.2,-3.7
Neath Port Talbot,Owns with a mortgage or loan or shared ownership,17760,28.5,-4
Bridgend,Owns with a mortgage or loan or shared ownership,20427,32.8,-4.9
Vale of Glamorgan,Owns with a mortgage or loan or shared ownership,19366,33.7,-3.3
Cardiff,Owns with a mortgage or loan or shared ownership,43794,29.7,-3.3
Rhondda Cynon Taf,Owns with a mortgage or loan or shared ownership,31116,30.1,-4.6
Caerphilly,Owns with a mortgage or loan or shared ownership,24281,31.8,-5.3
Blaenau Gwent,Owns with a mortgage or loan or shared ownership,7694,25.4,-3.9
Torfaen,Owns with a mortgage or loan or shared ownership,12186,30.3,-4.9
Monmouthshire,Owns with a mortgage or loan or shared ownership,11838,28.9,-5.1
Newport,Owns with a mortgage or loan or shared ownership,21861,33.1,-1.8
Powys,Owns with a mortgage or loan or shared ownership,12737,21.2,-3.9
Merthyr Tydfil,Owns with a mortgage or loan or shared ownership,7045,27.3,-4
Hartlepool,Social Rented,9594,23.4,-0.1
Middlesbrough,Social Rented,14006,23.2,-0.6
Redcar and Cleveland,Social Rented,11649,18.9,-0.5
Stockton-on-Tees,Social Rented,13673,16.3,-0.9
Darlington,Social Rented,7931,16.2,0.7
Halton,Social Rented,13619,24.3,-0.9
Warrington,Social Rented,13842,15.3,-0.4
Blackburn with Darwen,Social Rented,11031,18.8,0.7
Blackpool,Social Rented,6700,10.3,-0.5
"Kingston upon Hull, City of",Social Rented,31167,27,-1.1
East Riding of Yorkshire,Social Rented,14280,9.4,0.3
North East Lincolnshire,Social Rented,9191,13.2,-1.3
North Lincolnshire,Social Rented,10953,15,-0.4
York,Social Rented,11924,14,0
Derby,Social Rented,19851,18.8,-1
Leicester,Social Rented,29495,23.2,-2.2
Rutland,Social Rented,1819,10.9,-0.3
Nottingham,Social Rented,31796,25.5,-4.2
"Herefordshire, County of",Social Rented,11309,13.7,-0.3
Telford and Wrekin,Social Rented,13784,18,-1.7
Stoke-on-Trent,Social Rented,24569,22.3,-1.9
Bath and North East Somerset,Social Rented,11363,14.3,-0.1
"Bristol, City of",Social Rented,35879,18.7,-1.6
North Somerset,Social Rented,8714,9.2,0
South Gloucestershire,Social Rented,12738,10.8,0.9
Plymouth,Social Rented,21111,18.4,-0.9
Torbay,Social Rented,5225,8.3,0.2
Swindon,Social Rented,14944,15.6,-0.7
Peterborough,Social Rented,15760,18.6,-0.9
Luton,Social Rented,12923,16.4,0.6
Southend-on-Sea,Social Rented,9019,11.5,0
Thurrock,Social Rented,11733,17.7,-0.8
Medway,Social Rented,15130,13.6,0.4
Bracknell Forest,Social Rented,7889,15.7,-1
West Berkshire,Social Rented,9305,14,0.1
Reading,Social Rented,10924,16.1,-0.2
Slough,Social Rented,10266,19.6,-1.1
Windsor and Maidenhead,Social Rented,7655,12.6,-0.7
Wokingham,Social Rented,5331,7.7,0.7
Milton Keynes,Social Rented,20448,18.1,0.1
Brighton and Hove,Social Rented,18051,14.9,-0.1
Portsmouth,Social Rented,15507,18,-0.3
Southampton,Social Rented,22397,21.9,-1.4
Isle of Wight,Social Rented,7057,10.9,0.2
County Durham,Social Rented,46858,20,-0.1
Cheshire East,Social Rented,20243,11.6,0.2
Cheshire West and Chester,Social Rented,22710,14.6,-0.1
Shropshire,Social Rented,18169,13,-0.4
Cornwall,Social Rented,32039,12.8,0.8
Isles of Scilly,Social Rented,162,17.3,-0.8
Wiltshire,Social Rented,31228,14.5,-0.2
Bedford,Social Rented,12200,16.3,0.2
Central Bedfordshire,Social Rented,16077,13.3,-0.1
Northumberland,Social Rented,26085,17.8,-0.9
"Bournemouth, Christchurch and Poole",Social Rented,19102,11,-0.6
Dorset,Social Rented,20836,12.3,0
Buckinghamshire,Social Rented,28535,13,0.3
North Northamptonshire,Social Rented,22671,15.2,-0.5
West Northamptonshire,Social Rented,24811,14.4,-0.5
Cambridge,Social Rented,11890,22.7,-0.9
East Cambridgeshire,Social Rented,5200,14,-0.3
Fenland,Social Rented,5581,12.7,0.2
Huntingdonshire,Social Rented,9886,12.9,0
South Cambridgeshire,Social Rented,9696,14.5,0.2
Allerdale,Social Rented,8313,18.9,-0.2
Barrow-in-Furness,Social Rented,3451,11,0
Carlisle,Social Rented,7272,14.4,-0.9
Copeland,Social Rented,5429,17.6,-0.9
Eden,Social Rented,2542,10.3,0.3
South Lakeland,Social Rented,5112,10.7,0.3
Amber Valley,Social Rented,7169,12.7,0.4
Bolsover,Social Rented,5762,16.3,-1.8
Chesterfield,Social Rented,9967,20.7,-2.4
Derbyshire Dales,Social Rented,4075,12.6,0.5
Erewash,Social Rented,6398,12.7,-0.3
High Peak,Social Rented,4957,12.2,-0.5
North East Derbyshire,Social Rented,8597,18.7,-1.7
South Derbyshire,Social Rented,4466,9.9,-0.1
East Devon,Social Rented,6898,10.3,1
Exeter,Social Rented,8727,16.6,-0.4
Mid Devon,Social Rented,4504,12.6,0
North Devon,Social Rented,4811,11.1,0.3
South Hams,Social Rented,4653,11.8,0.4
Teignbridge,Social Rented,5694,9.5,0.6
Torridge,Social Rented,2847,9.3,0.3
West Devon,Social Rented,2495,10.1,0.6
Eastbourne,Social Rented,5940,13,-0.2
Hastings,Social Rented,5771,14.3,-0.3
Lewes,Social Rented,4774,10.9,0
Rother,Social Rented,4293,10.2,-0.2
Wealden,Social Rented,5701,8.4,0.7
Basildon,Social Rented,16213,21.2,-0.7
Braintree,Social Rented,10593,16.3,-0.2
Brentwood,Social Rented,3660,11.3,-0.4
Castle Point,Social Rented,2051,5.5,0.1
Chelmsford,Social Rented,10017,13.3,0.2
Colchester,Social Rented,10585,13.3,-0.2
Epping Forest,Social Rented,7993,14.7,-0.4
Harlow,Social Rented,11097,29.3,-1.9
Maldon,Social Rented,3132,11.2,0.8
Rochford,Social Rented,2871,8.1,0.5
Tendring,Social Rented,5506,8.2,-0.3
Uttlesford,Social Rented,4809,13,0.4
Cheltenham,Social Rented,6432,12.2,-0.1
Cotswold,Social Rented,6232,15.4,0.5
Forest of Dean,Social Rented,4836,13,0.6
Gloucester,Social Rented,7537,13.6,0.3
Stroud,Social Rented,6430,12.3,-0.5
Tewkesbury,Social Rented,5198,12.7,0.8
Basingstoke and Deane,Social Rented,13711,17.9,0.1
East Hampshire,Social Rented,6607,12.5,0.5
Eastleigh,Social Rented,7430,13.1,0.8
Fareham,Social Rented,3959,8.1,0
Gosport,Social Rented,5862,16.3,-0.1
Hart,Social Rented,3514,8.8,1.1
Havant,Social Rented,9989,18.6,-0.9
New Forest,Social Rented,8367,10.8,-0.2
Rushmoor,Social Rented,6369,16.2,-0.1
Test Valley,Social Rented,7842,14.3,-0.1
Winchester,Social Rented,7937,15.3,-0.1
Broxbourne,Social Rented,5683,14.3,0.2
Dacorum,Social Rented,13320,21,-0.8
Hertsmere,Social Rented,7401,17.3,-0.1
North Hertfordshire,Social Rented,10594,18.7,-0.6
Three Rivers,Social Rented,5467,14.8,-0.3
Watford,Social Rented,6172,15.6,-0.7
Ashford,Social Rented,7501,14,-0.5
Canterbury,Social Rented,7800,12.2,0
Dartford,Social Rented,6314,13.8,-1
Dover,Social Rented,7039,13.9,-0.3
Gravesham,Social Rented,7270,17.4,0.1
Maidstone,Social Rented,9507,13.4,0.6
Sevenoaks,Social Rented,6465,13.2,0
Folkestone and Hythe,Social Rented,5251,10.9,-0.3
Swale,Social Rented,8041,13.3,-1
Thanet,Social Rented,7396,11.9,-0.8
Tonbridge and Malling,Social Rented,8255,15.4,-0.7
Tunbridge Wells,Social Rented,7029,14.6,-0.6
Burnley,Social Rented,6209,15.6,1.5
Chorley,Social Rented,6637,13.2,0.2
Fylde,Social Rented,3134,8.3,0.9
Hyndburn,Social Rented,4711,13.5,0.8
Lancaster,Social Rented,6153,10.3,0.3
Pendle,Social Rented,4491,11.8,0.2
Preston,Social Rented,10983,18.4,-0.8
Ribble Valley,Social Rented,2151,8,0.4
Rossendale,Social Rented,4514,14.8,0.2
South Ribble,Social Rented,5039,10.4,-0.1
West Lancashire,Social Rented,6958,14.3,-0.3
Wyre,Social Rented,3871,7.6,0.4
Blaby,Social Rented,3497,8.2,0.6
Charnwood,Social Rented,8632,11.7,-0.1
Harborough,Social Rented,3531,8.7,0.4
Hinckley and Bosworth,Social Rented,5049,10.2,-0.1
Melton,Social Rented,2416,10.7,-0.5
North West Leicestershire,Social Rented,6089,13.5,-0.8
Oadby and Wigston,Social Rented,1793,7.9,0.4
Boston,Social Rented,5726,19.5,1.3
East Lindsey,Social Rented,7295,11.3,0.3
Lincoln,Social Rented,8953,21.1,-0.9
North Kesteven,Social Rented,5113,10,-0.2
South Holland,Social Rented,4936,12.1,-0.6
South Kesteven,Social Rented,7851,12.5,-0.9
West Lindsey,Social Rented,4605,10.9,-0.2
Breckland,Social Rented,8507,14.1,0.3
Broadland,Social Rented,5619,9.7,1.2
Great Yarmouth,Social Rented,7213,16.2,-1
King's Lynn and West Norfolk,Social Rented,9180,41.6,2
North Norfolk,Social Rented,6275,13,0.1
Norwich,Social Rented,19518,30.3,-2.4
South Norfolk,Social Rented,7184,11.7,0.4
Craven,Social Rented,2494,9.6,0.6
Hambleton,Social Rented,5468,13.4,0.5
Harrogate,Social Rented,7022,9.9,0.7
Richmondshire,Social Rented,2441,11.7,0.9
Ryedale,Social Rented,3171,12.8,0
Scarborough,Social Rented,7070,13.8,1.4
Selby,Social Rented,4851,12.3,0.2
Ashfield,Social Rented,8130,14.9,-1.3
Bassetlaw,Social Rented,7697,15,-0.9
Broxtowe,Social Rented,5337,11,-0.1
Gedling,Social Rented,4995,9.7,-0.3
Mansfield,Social Rented,7865,16.4,-1.9
Newark and Sherwood,Social Rented,7413,13.9,-0.6
Rushcliffe,Social Rented,4273,8.6,0.2
Cherwell,Social Rented,8742,13.3,1.2
Oxford,Social Rented,11554,20.9,-0.4
South Oxfordshire,Social Rented,7386,12,0.6
Vale of White Horse,Social Rented,8206,14.3,0.9
West Oxfordshire,Social Rented,6363,13.3,0.8
Mendip,Social Rented,6051,12,0.2
Sedgemoor,Social Rented,6887,12.8,0.6
South Somerset,Social Rented,10733,14.1,0.2
Cannock Chase,Social Rented,7031,16.2,-0.7
East Staffordshire,Social Rented,6634,12.9,-0.5
Lichfield,Social Rented,5932,13,-0.2
Newcastle-under-Lyme,Social Rented,9142,17.1,-1.6
South Staffordshire,Social Rented,6471,14,0.1
Stafford,Social Rented,8146,13.6,-0.1
Staffordshire Moorlands,Social Rented,3653,8.6,-0.2
Tamworth,Social Rented,5926,18,-1.3
Babergh,Social Rented,5333,13.3,0.2
Ipswich,Social Rented,12368,20.8,-0.8
Mid Suffolk,Social Rented,5011,11.3,0
Elmbridge,Social Rented,5608,10.1,0.2
Epsom and Ewell,Social Rented,2743,8.8,0.7
Guildford,Social Rented,7066,12.7,-0.1
Mole Valley,Social Rented,4327,11.7,-0.6
Reigate and Banstead,Social Rented,6907,11.5,-0.4
Runnymede,Social Rented,4499,12.9,0
Spelthorne,Social Rented,5296,12.7,0.2
Surrey Heath,Social Rented,3449,9.6,0.4
Tandridge,Social Rented,3939,11.1,0.2
Waverley,Social Rented,6427,12.3,-0.1
Woking,Social Rented,4792,11.6,-0.4
North Warwickshire,Social Rented,3752,13.6,-0.8
Nuneaton and Bedworth,Social Rented,8157,14.4,-0.1
Rugby,Social Rented,6074,12.9,-1.4
Stratford-on-Avon,Social Rented,7906,13.3,0.4
Warwick,Social Rented,8804,14.1,0.7
Adur,Social Rented,3436,12.4,-0.7
Arun,Social Rented,6774,9.3,0.5
Chichester,Social Rented,8157,15.1,0.2
Crawley,Social Rented,10432,22.9,-0.9
Horsham,Social Rented,7155,11.5,-0.1
Mid Sussex,Social Rented,6812,10.8,0.1
Worthing,Social Rented,4845,9.8,-0.2
Bromsgrove,Social Rented,4417,10.7,0.7
Malvern Hills,Social Rented,5001,14.3,0.2
Redditch,Social Rented,7331,20.2,-1
Worcester,Social Rented,7269,16.3,0.9
Wychavon,Social Rented,8954,15.6,1.1
Wyre Forest,Social Rented,6411,14.1,-0.3
St Albans,Social Rented,7187,12.2,0
Welwyn Hatfield,Social Rented,11714,25.4,-1.6
East Hertfordshire,Social Rented,8111,13.1,0.4
Stevenage,Social Rented,9594,26.3,-2.1
East Suffolk,Social Rented,14477,13.1,0.4
West Suffolk,Social Rented,12735,16.2,0.6
Somerset West and Taunton,Social Rented,10615,15.2,-0.2
Bolton,Social Rented,23555,19.8,-0.6
Bury,Social Rented,12044,14.9,-0.1
Manchester,Social Rented,63276,29.5,-2.1
Oldham,Social Rented,19760,21.2,0.1
Rochdale,Social Rented,18815,20.9,-2.3
Salford,Social Rented,29227,25.4,-3.4
Stockport,Social Rented,16849,13.3,-0.3
Tameside,Social Rented,21125,21.2,-0.3
Trafford,Social Rented,14419,15,-1.4
Wigan,Social Rented,24333,17,-1.9
Knowsley,Social Rented,16687,25.3,-1.4
Liverpool,Social Rented,54758,26.4,-1.4
St. Helens,Social Rented,15993,19.7,-0.9
Sefton,Social Rented,17735,14.4,-0.1
Wirral,Social Rented,22065,15.4,0.2
Barnsley,Social Rented,21294,19.7,-1.2
Doncaster,Social Rented,22694,17,-0.7
Rotherham,Social Rented,23545,20.7,-0.8
Sheffield,Social Rented,52334,22.6,-2.2
Newcastle upon Tyne,Social Rented,33476,27.3,-2.5
North Tyneside,Social Rented,19765,20.5,-1
South Tyneside,Social Rented,20208,29.6,-2
Sunderland,Social Rented,32554,26.6,-0.4
Birmingham,Social Rented,99499,23.5,-0.8
Coventry,Social Rented,22766,17,-0.1
Dudley,Social Rented,26021,19,-0.8
Sandwell,Social Rented,34612,26.6,-0.9
Solihull,Social Rented,12532,14,-0.9
Walsall,Social Rented,26576,23.7,-0.4
Wolverhampton,Social Rented,26484,25.2,-2.8
Bradford,Social Rented,30731,14.6,-0.2
Calderdale,Social Rented,13170,14.6,-0.7
Kirklees,Social Rented,26288,14.8,-0.5
Leeds,Social Rented,69742,20.4,-1.5
Wakefield,Social Rented,33188,21.7,-1.9
Gateshead,Social Rented,22334,25.1,-2.9
City of London,Social Rented,730,14.9,-1.7
Barking and Dagenham,Social Rented,23273,31.5,-2.2
Barnet,Social Rented,20034,13.5,-0.8
Bexley,Social Rented,13977,14.7,0.2
Brent,Social Rented,27876,23.5,-0.6
Bromley,Social Rented,17926,13.2,-0.9
Camden,Social Rented,31250,33.7,0.6
Croydon,Social Rented,27371,17.9,0
Ealing,Social Rented,23382,17.5,-0.6
Enfield,Social Rented,20573,17,-0.6
Greenwich,Social Rented,35327,31,-3.3
Hackney,Social Rented,42945,40.5,-3.2
Hammersmith and Fulham,Social Rented,24231,29.8,-1.4
Haringey,Social Rented,26474,25.2,-1.5
Harrow,Social Rented,9298,10.4,-0.2
Havering,Social Rented,13807,13.6,-0.6
Hillingdon,Social Rented,17613,16.1,-0.6
Hounslow,Social Rented,21618,21,-1.9
Islington,Social Rented,38787,40.2,-1.9
Kensington and Chelsea,Social Rented,18430,27.6,3
Kingston upon Thames,Social Rented,7244,11,-0.8
Lambeth,Social Rented,45243,33.6,-1.5
Lewisham,Social Rented,35753,29.2,-1.8
Merton,Social Rented,11599,14.2,0.1
Newham,Social Rented,32390,28,-1.6
Redbridge,Social Rented,11707,11.3,-0.1
Richmond upon Thames,Social Rented,9752,12.1,-0.5
Southwark,Social Rented,51991,39.7,-4
Sutton,Social Rented,11667,14.2,-0.4
Tower Hamlets,Social Rented,43237,35.9,-3.7
Waltham Forest,Social Rented,22099,21.5,-0.6
Wandsworth,Social Rented,26544,19.3,-1
Westminster,Social Rented,26810,28.3,2.4
Isle of Anglesey,Social Rented,4820,15.6,1
Gwynedd,Social Rented,8557,16.7,0.4
Conwy,Social Rented,6257,12,0.4
Denbighshire,Social Rented,5648,13.3,0.2
Flintshire,Social Rented,9714,14.5,-0.6
Wrexham,Social Rented,12161,21,-1.5
Ceredigion,Social Rented,3239,10.5,0.4
Pembrokeshire,Social Rented,8994,16.2,0.6
Carmarthenshire,Social Rented,11698,14.3,-0.5
Swansea,Social Rented,20045,19.1,-0.1
Neath Port Talbot,Social Rented,11999,19.2,0.1
Bridgend,Social Rented,8674,13.9,0.1
Vale of Glamorgan,Social Rented,7023,12.2,0.3
Cardiff,Social Rented,25278,17.2,0.1
Rhondda Cynon Taf,Social Rented,14175,13.7,0
Caerphilly,Social Rented,14323,18.8,0
Blaenau Gwent,Social Rented,7194,23.7,-0.2
Torfaen,Social Rented,9575,23.8,0.2
Monmouthshire,Social Rented,5743,14,0.2
Newport,Social Rented,12864,19.5,-0.3
Powys,Social Rented,8481,14.1,0.1
Merthyr Tydfil,Social Rented,5626,21.8,0.7
Hartlepool,Private Rent/Rent Free,7262,17.7,1.6
Middlesbrough,Private Rent/Rent Free,12792,21.2,2.9
Redcar and Cleveland,Private Rent/Rent Free,9789,15.9,2.3
Stockton-on-Tees,Private Rent/Rent Free,14286,17.1,3.1
Darlington,Private Rent/Rent Free,10098,20.6,1.4
Halton,Private Rent/Rent Free,8063,14.4,3.6
Warrington,Private Rent/Rent Free,13825,15.3,3.2
Blackburn with Darwen,Private Rent/Rent Free,11897,20.2,3
Blackpool,Private Rent/Rent Free,20636,31.9,4.7
"Kingston upon Hull, City of",Private Rent/Rent Free,27982,24.2,2.3
East Riding of Yorkshire,Private Rent/Rent Free,25954,17.1,1.8
North East Lincolnshire,Private Rent/Rent Free,15693,22.5,3.3
North Lincolnshire,Private Rent/Rent Free,12619,17.2,2.4
York,Private Rent/Rent Free,17180,20.1,0.9
Derby,Private Rent/Rent Free,22641,21.4,3.4
Leicester,Private Rent/Rent Free,37802,29.7,5.4
Rutland,Private Rent/Rent Free,2798,16.8,-0.6
Nottingham,Private Rent/Rent Free,36023,28.9,4.3
"Herefordshire, County of",Private Rent/Rent Free,15639,18.9,1.5
Telford and Wrekin,Private Rent/Rent Free,16275,21.3,5.1
Stoke-on-Trent,Private Rent/Rent Free,22774,20.6,4.6
Bath and North East Somerset,Private Rent/Rent Free,15364,19.4,1.1
"Bristol, City of",Private Rent/Rent Free,50683,26.4,1.5
North Somerset,Private Rent/Rent Free,17473,18.5,1.2
South Gloucestershire,Private Rent/Rent Free,18640,15.8,1.1
Plymouth,Private Rent/Rent Free,26059,22.7,1.5
Torbay,Private Rent/Rent Free,16783,26.6,2.5
Swindon,Private Rent/Rent Free,18671,19.5,2.5
Peterborough,Private Rent/Rent Free,20714,24.5,4.2
Luton,Private Rent/Rent Free,23014,29.2,5.5
Southend-on-Sea,Private Rent/Rent Free,20799,26.5,3.6
Thurrock,Private Rent/Rent Free,12179,18.3,3.5
Medway,Private Rent/Rent Free,22559,20.2,2.1
Bracknell Forest,Private Rent/Rent Free,7938,15.8,2.2
West Berkshire,Private Rent/Rent Free,11438,17.2,1.8
Reading,Private Rent/Rent Free,21743,32.1,5.1
Slough,Private Rent/Rent Free,16183,30.9,5.6
Windsor and Maidenhead,Private Rent/Rent Free,12576,20.6,2.5
Wokingham,Private Rent/Rent Free,9809,14.2,2.1
Milton Keynes,Private Rent/Rent Free,23805,21,2.9
Brighton and Hove,Private Rent/Rent Free,39937,32.9,2
Portsmouth,Private Rent/Rent Free,24855,28.8,2.9
Southampton,Private Rent/Rent Free,29994,29.3,3.4
Isle of Wight,Private Rent/Rent Free,13389,20.7,2
County Durham,Private Rent/Rent Free,40393,17.2,3.4
Cheshire East,Private Rent/Rent Free,27193,15.6,1.9
Cheshire West and Chester,Private Rent/Rent Free,24543,15.8,2.1
Shropshire,Private Rent/Rent Free,24456,17.5,0.8
Cornwall,Private Rent/Rent Free,49587,19.8,1.4
Isles of Scilly,Private Rent/Rent Free,345,36.7,-2.7
Wiltshire,Private Rent/Rent Free,37540,17.5,0.4
Bedford,Private Rent/Rent Free,14358,19.2,2
Central Bedfordshire,Private Rent/Rent Free,16642,13.8,0.6
Northumberland,Private Rent/Rent Free,24248,16.5,1.4
"Bournemouth, Christchurch and Poole",Private Rent/Rent Free,44293,25.5,2.2
Dorset,Private Rent/Rent Free,27651,16.3,1
Buckinghamshire,Private Rent/Rent Free,34740,15.8,1.6
North Northamptonshire,Private Rent/Rent Free,27625,18.6,3.1
West Northamptonshire,Private Rent/Rent Free,33226,19.2,2.8
Cambridge,Private Rent/Rent Free,16581,31.6,3.8
East Cambridgeshire,Private Rent/Rent Free,6130,16.5,0.7
Fenland,Private Rent/Rent Free,8814,20,2.9
Huntingdonshire,Private Rent/Rent Free,12920,16.8,1.7
South Cambridgeshire,Private Rent/Rent Free,9461,14.1,0.7
Allerdale,Private Rent/Rent Free,5373,12.2,0.8
Barrow-in-Furness,Private Rent/Rent Free,5293,16.9,1.6
Carlisle,Private Rent/Rent Free,8925,17.6,1.9
Copeland,Private Rent/Rent Free,3424,11.1,1
Eden,Private Rent/Rent Free,4452,18.1,-0.4
South Lakeland,Private Rent/Rent Free,8002,16.8,0.7
Amber Valley,Private Rent/Rent Free,8286,14.7,1.6
Bolsover,Private Rent/Rent Free,6119,17.4,2.8
Chesterfield,Private Rent/Rent Free,7860,16.4,3
Derbyshire Dales,Private Rent/Rent Free,4660,14.4,-0.2
Erewash,Private Rent/Rent Free,8501,16.9,2.9
High Peak,Private Rent/Rent Free,6602,16.2,1.5
North East Derbyshire,Private Rent/Rent Free,4694,10.2,1.9
South Derbyshire,Private Rent/Rent Free,6696,14.8,0.5
East Devon,Private Rent/Rent Free,10748,16.1,0.9
Exeter,Private Rent/Rent Free,13172,25.1,2.8
Mid Devon,Private Rent/Rent Free,6664,18.7,1.3
North Devon,Private Rent/Rent Free,8830,20.4,0.4
South Hams,Private Rent/Rent Free,6340,16.1,0.3
Teignbridge,Private Rent/Rent Free,10709,17.9,1.2
Torridge,Private Rent/Rent Free,6160,20.2,1.4
West Devon,Private Rent/Rent Free,4535,18.3,1.6
Eastbourne,Private Rent/Rent Free,12171,26.7,2.3
Hastings,Private Rent/Rent Free,11590,28.7,-1.2
Lewes,Private Rent/Rent Free,7431,17,1.3
Rother,Private Rent/Rent Free,6832,16.2,0.7
Wealden,Private Rent/Rent Free,9228,13.5,0.7
Basildon,Private Rent/Rent Free,10977,14.4,3.3
Braintree,Private Rent/Rent Free,9825,15.1,0.8
Brentwood,Private Rent/Rent Free,5211,16.1,3.6
Castle Point,Private Rent/Rent Free,5266,14.1,2.3
Chelmsford,Private Rent/Rent Free,11757,15.6,2.5
Colchester,Private Rent/Rent Free,17229,21.6,1.9
Epping Forest,Private Rent/Rent Free,8226,15.1,2.7
Harlow,Private Rent/Rent Free,5915,15.6,3.9
Maldon,Private Rent/Rent Free,3283,11.8,1
Rochford,Private Rent/Rent Free,3808,10.7,1.4
Tendring,Private Rent/Rent Free,13417,19.9,2.4
Uttlesford,Private Rent/Rent Free,5401,14.6,-0.1
Cheltenham,Private Rent/Rent Free,12435,23.5,1
Cotswold,Private Rent/Rent Free,7059,17.4,-0.8
Forest of Dean,Private Rent/Rent Free,5044,13.6,0.8
Gloucester,Private Rent/Rent Free,11860,21.4,3.1
Stroud,Private Rent/Rent Free,7237,13.8,0.4
Tewkesbury,Private Rent/Rent Free,5856,14.3,0.8
Basingstoke and Deane,Private Rent/Rent Free,11814,15.4,2.3
East Hampshire,Private Rent/Rent Free,6885,13.1,-0.1
Eastleigh,Private Rent/Rent Free,7943,14,0.8
Fareham,Private Rent/Rent Free,6147,12.6,1.8
Gosport,Private Rent/Rent Free,6775,18.9,1.6
Hart,Private Rent/Rent Free,5447,13.6,0.6
Havant,Private Rent/Rent Free,6736,12.6,1.6
New Forest,Private Rent/Rent Free,11175,14.4,1
Rushmoor,Private Rent/Rent Free,8481,21.6,3.2
Test Valley,Private Rent/Rent Free,8099,14.8,0.2
Winchester,Private Rent/Rent Free,9155,17.7,1.6
Broxbourne,Private Rent/Rent Free,6390,16,4.1
Dacorum,Private Rent/Rent Free,9163,14.4,1.7
Hertsmere,Private Rent/Rent Free,7394,17.3,3.6
North Hertfordshire,Private Rent/Rent Free,8736,15.4,1.2
Three Rivers,Private Rent/Rent Free,4974,13.5,1.9
Watford,Private Rent/Rent Free,11193,28.2,7.4
Ashford,Private Rent/Rent Free,9568,17.9,2.1
Canterbury,Private Rent/Rent Free,14093,22.1,1.1
Dartford,Private Rent/Rent Free,8342,18.3,1.3
Dover,Private Rent/Rent Free,9648,19.1,0.3
Gravesham,Private Rent/Rent Free,8051,19.3,1.9
Maidstone,Private Rent/Rent Free,12360,17.4,1.6
Sevenoaks,Private Rent/Rent Free,6570,13.4,1.1
Folkestone and Hythe,Private Rent/Rent Free,10914,22.6,-0.9
Swale,Private Rent/Rent Free,11119,18.4,2
Thanet,Private Rent/Rent Free,16360,26.3,1.3
Tonbridge and Malling,Private Rent/Rent Free,6703,12.5,1.3
Tunbridge Wells,Private Rent/Rent Free,9281,19.2,0.9
Burnley,Private Rent/Rent Free,9735,24.4,3.7
Chorley,Private Rent/Rent Free,6984,13.9,2.8
Fylde,Private Rent/Rent Free,7240,19.3,0.6
Hyndburn,Private Rent/Rent Free,8055,23.2,3.8
Lancaster,Private Rent/Rent Free,13071,21.8,1.6
Pendle,Private Rent/Rent Free,8772,23,3.3
Preston,Private Rent/Rent Free,13370,22.4,3
Ribble Valley,Private Rent/Rent Free,4004,15,-0.2
Rossendale,Private Rent/Rent Free,5225,17.1,1.7
South Ribble,Private Rent/Rent Free,6223,12.8,2.6
West Lancashire,Private Rent/Rent Free,6809,14,2.3
Wyre,Private Rent/Rent Free,9253,18.2,3.5
Blaby,Private Rent/Rent Free,5457,12.8,2
Charnwood,Private Rent/Rent Free,12880,17.5,2.2
Harborough,Private Rent/Rent Free,5446,13.5,1.1
Hinckley and Bosworth,Private Rent/Rent Free,7156,14.5,2.1
Melton,Private Rent/Rent Free,3903,17.3,1.5
North West Leicestershire,Private Rent/Rent Free,6117,13.6,1.2
Oadby and Wigston,Private Rent/Rent Free,3648,16.1,5.2
Boston,Private Rent/Rent Free,5997,20.4,3.3
East Lindsey,Private Rent/Rent Free,13128,20.3,1.3
Lincoln,Private Rent/Rent Free,11700,27.5,5.1
North Kesteven,Private Rent/Rent Free,8230,16.1,1.2
South Holland,Private Rent/Rent Free,7010,17.2,3.2
South Kesteven,Private Rent/Rent Free,11422,18.2,1.9
West Lindsey,Private Rent/Rent Free,7590,17.9,2.5
Breckland,Private Rent/Rent Free,10957,18.2,1.1
Broadland,Private Rent/Rent Free,7107,12.3,0.8
Great Yarmouth,Private Rent/Rent Free,9683,21.7,3.7
King's Lynn and West Norfolk,Private Rent/Rent Free,12758,41.6,2.1
North Norfolk,Private Rent/Rent Free,8556,17.7,1.1
Norwich,Private Rent/Rent Free,17467,27.1,4.3
South Norfolk,Private Rent/Rent Free,8546,13.9,1.1
Craven,Private Rent/Rent Free,4728,18.1,0.7
Hambleton,Private Rent/Rent Free,6832,16.7,-0.4
Harrogate,Private Rent/Rent Free,13593,19.1,-0.1
Richmondshire,Private Rent/Rent Free,4894,23.4,-1.4
Ryedale,Private Rent/Rent Free,4848,19.6,0
Scarborough,Private Rent/Rent Free,11098,21.7,0.5
Selby,Private Rent/Rent Free,5349,13.5,1.1
Ashfield,Private Rent/Rent Free,9408,17.3,3.2
Bassetlaw,Private Rent/Rent Free,8430,16.4,2.1
Broxtowe,Private Rent/Rent Free,8420,17.4,2.1
Gedling,Private Rent/Rent Free,8220,15.9,1.7
Mansfield,Private Rent/Rent Free,9196,19.1,4.3
Newark and Sherwood,Private Rent/Rent Free,8689,16.3,1.9
Rushcliffe,Private Rent/Rent Free,7325,14.7,0.5
Cherwell,Private Rent/Rent Free,13059,19.8,2
Oxford,Private Rent/Rent Free,17857,32.3,2.1
South Oxfordshire,Private Rent/Rent Free,9801,15.9,1.1
Vale of White Horse,Private Rent/Rent Free,9026,15.7,0.4
West Oxfordshire,Private Rent/Rent Free,8578,17.9,1.3
Mendip,Private Rent/Rent Free,9097,18.1,1
Sedgemoor,Private Rent/Rent Free,9703,18,2.1
South Somerset,Private Rent/Rent Free,12782,16.8,1.9
Cannock Chase,Private Rent/Rent Free,6972,16,2.7
East Staffordshire,Private Rent/Rent Free,10024,19.5,3.2
Lichfield,Private Rent/Rent Free,5825,12.8,2.1
Newcastle-under-Lyme,Private Rent/Rent Free,7780,14.6,2.8
South Staffordshire,Private Rent/Rent Free,4889,10.6,0.8
Stafford,Private Rent/Rent Free,9369,15.6,1.4
Staffordshire Moorlands,Private Rent/Rent Free,5397,12.7,1.6
Tamworth,Private Rent/Rent Free,4699,14.3,2.3
Babergh,Private Rent/Rent Free,6020,15,0.4
Ipswich,Private Rent/Rent Free,13794,23.2,2.1
Mid Suffolk,Private Rent/Rent Free,6129,13.8,1
Elmbridge,Private Rent/Rent Free,9752,17.5,1.2
Epsom and Ewell,Private Rent/Rent Free,5053,16.1,2
Guildford,Private Rent/Rent Free,10981,19.7,2.6
Mole Valley,Private Rent/Rent Free,5243,14.1,0.8
Reigate and Banstead,Private Rent/Rent Free,9403,15.7,1.9
Runnymede,Private Rent/Rent Free,6692,19.2,2.6
Spelthorne,Private Rent/Rent Free,7508,18,4.3
Surrey Heath,Private Rent/Rent Free,5544,15.4,2.2
Tandridge,Private Rent/Rent Free,4743,13.3,1
Waverley,Private Rent/Rent Free,7742,14.8,1.7
Woking,Private Rent/Rent Free,8777,21.2,4.5
North Warwickshire,Private Rent/Rent Free,4154,15.1,2.5
Nuneaton and Bedworth,Private Rent/Rent Free,9463,16.7,3.1
Rugby,Private Rent/Rent Free,8534,18.2,2.9
Stratford-on-Avon,Private Rent/Rent Free,8374,14.1,-0.1
Warwick,Private Rent/Rent Free,11963,19.1,0
Adur,Private Rent/Rent Free,4122,14.9,2.3
Arun,Private Rent/Rent Free,13281,18.3,1.8
Chichester,Private Rent/Rent Free,9835,18.2,1.1
Crawley,Private Rent/Rent Free,9147,20.1,4.4
Horsham,Private Rent/Rent Free,9078,14.6,1.3
Mid Sussex,Private Rent/Rent Free,9714,15.3,1.2
Worthing,Private Rent/Rent Free,10931,22.1,1.8
Bromsgrove,Private Rent/Rent Free,4395,10.7,0.8
Malvern Hills,Private Rent/Rent Free,4664,13.4,0.2
Redditch,Private Rent/Rent Free,5318,14.6,1.8
Worcester,Private Rent/Rent Free,9521,21.3,2
Wychavon,Private Rent/Rent Free,7509,13.1,0.8
Wyre Forest,Private Rent/Rent Free,7287,16.1,1.7
St Albans,Private Rent/Rent Free,9654,16.4,1.7
Welwyn Hatfield,Private Rent/Rent Free,7672,16.6,1.7
East Hertfordshire,Private Rent/Rent Free,9987,16.1,1.6
Stevenage,Private Rent/Rent Free,5496,15.1,2.9
East Suffolk,Private Rent/Rent Free,19549,17.7,2
West Suffolk,Private Rent/Rent Free,17681,22.5,2
Somerset West and Taunton,Private Rent/Rent Free,12957,18.5,1.3
Bolton,Private Rent/Rent Free,21659,18.2,3
Bury,Private Rent/Rent Free,14368,17.8,2.7
Manchester,Private Rent/Rent Free,69850,32.5,2.6
Oldham,Private Rent/Rent Free,16739,18,4.4
Rochdale,Private Rent/Rent Free,16688,18.5,3.9
Salford,Private Rent/Rent Free,31176,27.1,6.7
Stockport,Private Rent/Rent Free,18288,14.4,2.1
Tameside,Private Rent/Rent Free,17561,17.6,3.3
Trafford,Private Rent/Rent Free,14809,15.4,1.6
Wigan,Private Rent/Rent Free,23139,16.2,3.2
Knowsley,Private Rent/Rent Free,9557,14.5,3.4
Liverpool,Private Rent/Rent Free,54314,26.2,1.5
St. Helens,Private Rent/Rent Free,12344,15.2,3.7
Sefton,Private Rent/Rent Free,22502,18.3,3.8
Wirral,Private Rent/Rent Free,27186,19,2.1
Barnsley,Private Rent/Rent Free,18884,17.5,3.1
Doncaster,Private Rent/Rent Free,26340,19.7,3.2
Rotherham,Private Rent/Rent Free,17418,15.3,2.3
Sheffield,Private Rent/Rent Free,43661,18.8,2.3
Newcastle upon Tyne,Private Rent/Rent Free,28265,23,2.7
North Tyneside,Private Rent/Rent Free,14692,15.3,2
South Tyneside,Private Rent/Rent Free,9089,13.3,2.4
Sunderland,Private Rent/Rent Free,18147,14.9,2
Birmingham,Private Rent/Rent Free,97299,23,3.4
Coventry,Private Rent/Rent Free,33406,24.9,3.1
Dudley,Private Rent/Rent Free,19377,14.1,3.3
Sandwell,Private Rent/Rent Free,24999,19.2,4.2
Solihull,Private Rent/Rent Free,11602,13,2.3
Walsall,Private Rent/Rent Free,18504,16.5,3.5
Wolverhampton,Private Rent/Rent Free,20403,19.4,4.4
Bradford,Private Rent/Rent Free,48520,23.1,3.5
Calderdale,Private Rent/Rent Free,18501,20.4,2.7
Kirklees,Private Rent/Rent Free,34417,19.3,2
Leeds,Private Rent/Rent Free,75193,22,2.6
Wakefield,Private Rent/Rent Free,22861,14.9,2.6
Gateshead,Private Rent/Rent Free,14706,16.5,3.1
City of London,Private Rent/Rent Free,2378,48.4,7.5
Barking and Dagenham,Private Rent/Rent Free,18036,24.4,5.8
Barnet,Private Rent/Rent Free,48843,32.8,5.5
Bexley,Private Rent/Rent Free,14643,15.4,3.1
Brent,Private Rent/Rent Free,42897,36.2,4.7
Bromley,Private Rent/Rent Free,23708,17.5,3.2
Camden,Private Rent/Rent Free,33286,35.9,1.8
Croydon,Private Rent/Rent Free,39724,26,3.9
Ealing,Private Rent/Rent Free,45803,34.3,5.2
Enfield,Private Rent/Rent Free,35684,29.5,5.9
Greenwich,Private Rent/Rent Free,29326,25.7,4.8
Hackney,Private Rent/Rent Free,34406,32.4,2.2
Hammersmith and Fulham,Private Rent/Rent Free,29715,36.6,3.3
Haringey,Private Rent/Rent Free,37769,35.9,3
Harrow,Private Rent/Rent Free,26647,29.7,6.6
Havering,Private Rent/Rent Free,16114,15.9,4.5
Hillingdon,Private Rent/Rent Free,28411,26,6.9
Hounslow,Private Rent/Rent Free,32074,31.2,6.5
Islington,Private Rent/Rent Free,30389,31.5,3.2
Kensington and Chelsea,Private Rent/Rent Free,26587,39.8,0.8
Kingston upon Thames,Private Rent/Rent Free,17987,27.4,3.9
Lambeth,Private Rent/Rent Free,42535,31.6,1.2
Lewisham,Private Rent/Rent Free,33466,27.3,2
Merton,Private Rent/Rent Free,23790,29.1,3.3
Newham,Private Rent/Rent Free,44803,38.8,3.5
Redbridge,Private Rent/Rent Free,31803,30.7,6.6
Richmond upon Thames,Private Rent/Rent Free,20031,24.8,1.7
Southwark,Private Rent/Rent Free,37898,29,4.1
Sutton,Private Rent/Rent Free,16744,20.3,3.7
Tower Hamlets,Private Rent/Rent Free,46276,38.4,4.6
Waltham Forest,Private Rent/Rent Free,28746,27.9,1
Wandsworth,Private Rent/Rent Free,50014,36.4,3.7
Westminster,Private Rent/Rent Free,41349,43.6,0.8
Isle of Anglesey,Private Rent/Rent Free,4897,15.9,-0.7
Gwynedd,Private Rent/Rent Free,8970,17.6,-0.4
Conwy,Private Rent/Rent Free,9961,19.1,0.8
Denbighshire,Private Rent/Rent Free,8565,20.2,2.5
Flintshire,Private Rent/Rent Free,8871,13.3,1.8
Wrexham,Private Rent/Rent Free,9354,16.2,2.6
Ceredigion,Private Rent/Rent Free,6380,20.7,-1.3
Pembrokeshire,Private Rent/Rent Free,9149,16.5,1.2
Carmarthenshire,Private Rent/Rent Free,12287,15,1.5
Swansea,Private Rent/Rent Free,19216,18.3,1.8
Neath Port Talbot,Private Rent/Rent Free,8768,14.1,2
Bridgend,Private Rent/Rent Free,9589,15.4,1.8
Vale of Glamorgan,Private Rent/Rent Free,9008,15.7,0
Cardiff,Private Rent/Rent Free,36189,24.6,1.2
Rhondda Cynon Taf,Private Rent/Rent Free,18362,17.8,2.6
Caerphilly,Private Rent/Rent Free,10202,13.4,1.7
Blaenau Gwent,Private Rent/Rent Free,4888,16.1,2.3
Torfaen,Private Rent/Rent Free,4528,11.3,1.6
Monmouthshire,Private Rent/Rent Free,5603,13.7,1.5
Newport,Private Rent/Rent Free,11157,16.9,1.4
Powys,Private Rent/Rent Free,10866,18.1,1.1
Merthyr Tydfil,Private Rent/Rent Free,4011,15.6,2.1
