label,cx,cy,Type,Value
Hartlepool,-1.255491673,54.6687524,Owns Outright,12761
Middlesbrough,-1.222803326,54.54263426,Owns Outright,17224
Redcar and Cleveland,-1.0215477,54.55345675,Owns Outright,22649
Stockton-on-Tees,-1.32897817,54.56246316,Owns Outright,27726
Darlington,-1.552697772,54.54875917,Owns Outright,16222
Halton,-2.720016309,53.34379321,Owns Outright,17096
Warrington,-2.562849436,53.39848758,Owns Outright,31939
Blackburn with Darwen,-2.467125659,53.69224143,Owns Outright,19573
Blackpool,-3.035480896,53.81754916,Owns Outright,20348
"Kingston upon Hull, City of",-0.336393722,53.76014155,Owns Outright,26695
East Riding of Yorkshire,-0.482243608,53.86796645,Owns Outright,65680
North East Lincolnshire,-0.133932131,53.54403874,Owns Outright,24373
North Lincolnshire,-0.592051957,53.59430536,Owns Outright,27829
York,-1.060622908,53.95864242,Owns Outright,31453
Derby,-1.468345352,52.91277199,Owns Outright,33384
Leicester,-1.127552546,52.63828214,Owns Outright,31324
Rutland,-0.654131628,52.66070059,Owns Outright,7286
Nottingham,-1.175936864,52.96117684,Owns Outright,27940
"Herefordshire, County of",-2.745674847,52.10375789,Owns Outright,35070
Telford and Wrekin,-2.488480286,52.73019552,Owns Outright,23088
Stoke-on-Trent,-2.165178307,53.01764815,Owns Outright,33558
Bath and North East Somerset,-2.474413176,51.35610688,Owns Outright,28855
"Bristol, City of",-2.77019708,51.45262518,Owns Outright,48199
North Somerset,-2.799962352,51.38924102,Owns Outright,37250
South Gloucestershire,-2.471175154,51.54735612,Owns Outright,43220
Plymouth,-4.120169786,50.39116289,Owns Outright,33783
Torbay,-3.530450608,50.44080631,Owns Outright,24663
Swindon,-1.744335675,51.57133752,Owns Outright,27968
Peterborough,-0.253777754,52.60847253,Owns Outright,22268
Luton,-0.424494227,51.89426164,Owns Outright,20296
Southend-on-Sea,0.728995239,51.53762932,Owns Outright,24722
Thurrock,0.374103739,51.50602384,Owns Outright,16912
Medway,0.570017714,51.42566667,Owns Outright,34388
Bracknell Forest,-0.739927541,51.40780192,Owns Outright,14488
West Berkshire,-1.304854635,51.44968897,Owns Outright,23209
Reading,-0.984755179,51.4532474,Owns Outright,15426
Slough,-0.586813114,51.50816196,Owns Outright,10215
Windsor and Maidenhead,-0.698992594,51.48508413,Owns Outright,20393
Wokingham,-0.884141546,51.42928171,Owns Outright,24952
Milton Keynes,-0.733464556,52.08427496,Owns Outright,27193
Brighton and Hove,-0.132123613,50.84329958,Owns Outright,30444
Portsmouth,-1.078468108,50.82068758,Owns Outright,21958
Southampton,-1.398613707,50.91698354,Owns Outright,23049
Isle of Wight,-1.296861898,50.67568106,Owns Outright,28737
County Durham,-1.839064804,54.69541122,Owns Outright,81046
Cheshire East,-2.349049597,53.18059798,Owns Outright,69191
Cheshire West and Chester,-2.736159909,53.20014942,Owns Outright,57620
Shropshire,-2.734085762,52.63579668,Owns Outright,59262
Cornwall,-4.825169974,50.40558138,Owns Outright,104659
Isles of Scilly,-6.298785649,49.92068351,Owns Outright,320
Wiltshire,-1.945053494,51.2973379,Owns Outright,80220
Bedford,-0.476597843,52.18934847,Owns Outright,23359
Central Bedfordshire,-0.436279775,52.00665229,Owns Outright,40618
Northumberland,-2.065310563,55.24272759,Owns Outright,56684
"Bournemouth, Christchurch and Poole",-1.882878934,50.74671957,Owns Outright,59736
Dorset,-2.333598515,50.80597544,Owns Outright,77561
Buckinghamshire,-0.812083184,51.78521255,Owns Outright,77213
North Northamptonshire,-0.626317019,52.42512438,Owns Outright,47617
West Northamptonshire,-1.036377869,52.22299295,Owns Outright,53782
Cambridge,0.131519818,52.19878641,Owns Outright,12897
East Cambridgeshire,0.295246863,52.34288539,Owns Outright,13485
Fenland,0.061111401,52.56272235,Owns Outright,16632
Huntingdonshire,-0.220643903,52.37391109,Owns Outright,27621
South Cambridgeshire,0.083682833,52.17420306,Owns Outright,24426
Allerdale,-3.246882232,54.71139034,Owns Outright,18770
Barrow-in-Furness,-3.21295987,54.12567821,Owns Outright,12250
Carlisle,-2.808328857,54.97104294,Owns Outright,19427
Copeland,-3.374034442,54.41419188,Owns Outright,12988
Eden,-2.621887446,54.61288528,Owns Outright,11661
South Lakeland,-2.850761571,54.29246643,Owns Outright,22394
Amber Valley,-1.466961273,53.02952476,Owns Outright,23051
Bolsover,-1.277171438,53.21522248,Owns Outright,12391
Chesterfield,-1.401065008,53.25538362,Owns Outright,17249
Derbyshire Dales,-1.694306732,53.12866005,Owns Outright,15405
Erewash,-1.347167505,52.93521496,Owns Outright,18887
High Peak,-1.873781106,53.37334676,Owns Outright,16367
North East Derbyshire,-1.447689952,53.22607587,Owns Outright,18959
South Derbyshire,-1.559800243,52.83078401,Owns Outright,16388
East Devon,-3.223581574,50.76412007,Owns Outright,31228
Exeter,-3.510156903,50.72184259,Owns Outright,16369
Mid Devon,-3.556215665,50.87581723,Owns Outright,14110
North Devon,-3.914595449,51.06972399,Owns Outright,18055
South Hams,-3.823395708,50.37345689,Owns Outright,17708
Teignbridge,-3.656907725,50.6063386,Owns Outright,25889
Torridge,-4.248486013,50.88591211,Owns Outright,13870
West Devon,-4.045973588,50.65587486,Owns Outright,11569
Eastbourne,0.26546236,50.77531616,Owns Outright,16305
Hastings,0.570346392,50.8694871,Owns Outright,12644
Lewes,0.005264897,50.88150528,Owns Outright,18524
Rother,0.538581664,50.95178525,Owns Outright,20395
Wealden,0.197874462,50.96758569,Owns Outright,30510
Basildon,0.465679283,51.59033466,Owns Outright,23029
Braintree,0.590114655,51.942004,Owns Outright,22262
Brentwood,0.310749909,51.63854708,Owns Outright,11797
Castle Point,0.593693535,51.53628576,Owns Outright,16937
Chelmsford,0.480997185,51.72544859,Owns Outright,27057
Colchester,0.86138368,51.87261073,Owns Outright,26126
Epping Forest,0.14822602,51.70876461,Owns Outright,19180
Harlow,0.108905467,51.76897982,Owns Outright,8723
Maldon,0.783836065,51.70919684,Owns Outright,12224
Rochford,0.810140477,51.59115862,Owns Outright,15572
Tendring,1.115496807,51.87126931,Owns Outright,31510
Uttlesford,0.279512164,51.93486071,Owns Outright,13177
Cheltenham,-2.072887206,51.89628748,Owns Outright,18362
Cotswold,-1.892465444,51.81643589,Owns Outright,16177
Forest of Dean,-2.489829872,51.82865316,Owns Outright,16466
Gloucester,-2.240448274,51.84987819,Owns Outright,17510
Stroud,-2.300134096,51.72963652,Owns Outright,21548
Tewkesbury,-2.088020906,51.94558768,Owns Outright,15984
Basingstoke and Deane,-1.201244159,51.27348604,Owns Outright,23475
East Hampshire,-0.95483852,51.0744378,Owns Outright,21080
Eastleigh,-1.327904779,50.93309664,Owns Outright,20012
Fareham,-1.226221305,50.8524203,Owns Outright,21154
Gosport,-1.158812768,50.80548305,Owns Outright,12314
Hart,-0.897883065,51.28474992,Owns Outright,14958
Havant,-0.989837407,50.83874512,Owns Outright,20869
New Forest,-1.625525482,50.85859358,Owns Outright,36150
Rushmoor,-0.767550882,51.27424876,Owns Outright,9979
Test Valley,-1.511029682,51.1284833,Owns Outright,19742
Winchester,-1.221369927,51.02823248,Owns Outright,18648
Broxbourne,-0.048278215,51.72431754,Owns Outright,13178
Dacorum,-0.540983785,51.77833683,Owns Outright,19598
Hertsmere,-0.280656855,51.67740519,Owns Outright,13227
North Hertfordshire,-0.192412242,51.95931788,Owns Outright,18933
Three Rivers,-0.460778533,51.66126119,Owns Outright,12806
Watford,-0.402759346,51.66808894,Owns Outright,9577
Ashford,0.81191686,51.12520995,Owns Outright,18032
Canterbury,1.101422554,51.28328431,Owns Outright,24477
Dartford,0.2540746,51.43142598,Owns Outright,12302
Dover,1.289170214,51.21240819,Owns Outright,19753
Gravesham,0.396045524,51.40558903,Owns Outright,13018
Maidstone,0.580573702,51.23479262,Owns Outright,24192
Sevenoaks,0.171701145,51.27599765,Owns Outright,18769
Folkestone and Hythe,0.995724342,51.054408,Owns Outright,18966
Swale,0.812481002,51.34171891,Owns Outright,20788
Thanet,1.340396403,51.35426394,Owns Outright,22731
Tonbridge and Malling,0.357090525,51.27296673,Owns Outright,18379
Tunbridge Wells,0.430918392,51.11408369,Owns Outright,16324
Burnley,-2.221402157,53.77886155,Owns Outright,13051
Chorley,-2.648161855,53.66120381,Owns Outright,18558
Fylde,-2.922332455,53.784236,Owns Outright,16369
Hyndburn,-2.389563336,53.75887795,Owns Outright,11917
Lancaster,-2.714570992,54.06913539,Owns Outright,23152
Pendle,-2.185645787,53.86547477,Owns Outright,14127
Preston,-2.697257226,53.81153827,Owns Outright,18219
Ribble Valley,-2.445112004,53.90724193,Owns Outright,11654
Rossendale,-2.266892572,53.69404607,Owns Outright,10560
South Ribble,-2.710691477,53.72807753,Owns Outright,19428
West Lancashire,-2.882483652,53.6095753,Owns Outright,18987
Wyre,-2.853666495,53.90293103,Owns Outright,22699
Blaby,-1.221576853,52.57168276,Owns Outright,17012
Charnwood,-1.14633676,52.73704582,Owns Outright,27619
Harborough,-1.007699842,52.53951562,Owns Outright,16484
Hinckley and Bosworth,-1.390600303,52.61663473,Owns Outright,19715
Melton,-0.855997158,52.79672433,Owns Outright,9160
North West Leicestershire,-1.405140341,52.753195,Owns Outright,16599
Oadby and Wigston,-1.093311627,52.58698967,Owns Outright,9711
Boston,-0.0217859,52.97429147,Owns Outright,9967
East Lindsey,0.029920432,53.24995025,Owns Outright,29907
Lincoln,-0.554931188,53.22472406,Owns Outright,11092
North Kesteven,-0.445942716,53.08121531,Owns Outright,20386
South Holland,-0.031965865,52.79785002,Owns Outright,16604
South Kesteven,-0.51836719,52.8547449,Owns Outright,23765
West Lindsey,-0.477428025,53.39286308,Owns Outright,17553
Breckland,0.836890107,52.58811364,Owns Outright,24126
Broadland,1.309592347,52.70135623,Owns Outright,26448
Great Yarmouth,1.661431393,52.64083725,Owns Outright,16978
King's Lynn and West Norfolk,0.47064174,52.7271544,Owns Outright,28053
North Norfolk,1.169508909,52.85044968,Owns Outright,23509
Norwich,1.279418606,52.6322924,Owns Outright,14312
South Norfolk,1.275850453,52.51448675,Owns Outright,25720
Craven,-2.174315011,54.07988758,Owns Outright,11826
Hambleton,-1.319320546,54.28734471,Owns Outright,17772
Harrogate,-1.595746175,54.06710448,Owns Outright,28936
Richmondshire,-1.934005521,54.36151461,Owns Outright,8518
Ryedale,-0.85166028,54.21044451,Owns Outright,10820
Scarborough,-0.635270931,54.36642403,Owns Outright,21164
Selby,-1.135296661,53.7874786,Owns Outright,14590
Ashfield,-1.258340202,53.09175983,Owns Outright,19484
Bassetlaw,-0.958783563,53.33290258,Owns Outright,19442
Broxtowe,-1.26201293,52.97566594,Owns Outright,19301
Gedling,-1.11934704,53.02855422,Owns Outright,20649
Mansfield,-1.173739703,53.17095784,Owns Outright,16668
Newark and Sherwood,-0.91989131,53.12402029,Owns Outright,20525
Rushcliffe,-1.037443181,52.90065362,Owns Outright,20508
Cherwell,-1.27610071,51.95856152,Owns Outright,21431
Oxford,-1.241704101,51.75474979,Owns Outright,13993
South Oxfordshire,-1.071041234,51.63382565,Owns Outright,23180
Vale of White Horse,-1.440861855,51.63425356,Owns Outright,20812
West Oxfordshire,-1.506881793,51.83767299,Owns Outright,17963
Mendip,-2.544350678,51.20284921,Owns Outright,20657
Sedgemoor,-2.953262913,51.18488562,Owns Outright,21144
South Somerset,-2.709901213,50.98792153,Owns Outright,31355
Cannock Chase,-1.980491882,52.71241859,Owns Outright,14718
East Staffordshire,-1.81201615,52.86308344,Owns Outright,18695
Lichfield,-1.804757128,52.68787378,Owns Outright,18902
Newcastle-under-Lyme,-2.317909601,52.99374399,Owns Outright,20435
South Staffordshire,-2.176525036,52.62500287,Owns Outright,20310
Stafford,-2.176191074,52.84820474,Owns Outright,23474
Staffordshire Moorlands,-1.981587362,53.07915595,Owns Outright,20401
Tamworth,-1.676701947,52.6262752,Owns Outright,10967
Babergh,0.914959047,52.05074378,Owns Outright,17460
Ipswich,1.159292255,52.05520695,Owns Outright,16810
Mid Suffolk,1.092631373,52.24679544,Owns Outright,19151
Elmbridge,-0.39198564,51.35716789,Owns Outright,18809
Epsom and Ewell,-0.261601077,51.33938795,Owns Outright,11364
Guildford,-0.562222705,51.24797863,Owns Outright,19267
Mole Valley,-0.32564805,51.2121891,Owns Outright,15136
Reigate and Banstead,-0.19181452,51.25334988,Owns Outright,20196
Runnymede,-0.540821274,51.393303,Owns Outright,11431
Spelthorne,-0.467453203,51.42443395,Owns Outright,13980
Surrey Heath,-0.671211347,51.3433395,Owns Outright,13156
Tandridge,-0.043495129,51.22696644,Owns Outright,13326
Waverley,-0.633469278,51.15013356,Owns Outright,20039
Woking,-0.560499564,51.31452608,Owns Outright,13251
North Warwickshire,-1.627622745,52.54712328,Owns Outright,10558
Nuneaton and Bedworth,-1.475538461,52.50109525,Owns Outright,19829
Rugby,-1.32820046,52.38445519,Owns Outright,15703
Stratford-on-Avon,-1.622627172,52.17861308,Owns Outright,24156
Warwick,-1.58320889,52.31016755,Owns Outright,21411
Adur,-0.298974066,50.8437563,Owns Outright,11101
Arun,-0.568039098,50.84056369,Owns Outright,32182
Chichester,-0.742537073,50.93730724,Owns Outright,22715
Crawley,-0.182070165,51.12556003,Owns Outright,10940
Horsham,-0.36700229,50.9934095,Owns Outright,24482
Mid Sussex,-0.127444733,51.02046572,Owns Outright,23259
Worthing,-0.396273284,50.82872755,Owns Outright,18052
Bromsgrove,-2.016741484,52.36216772,Owns Outright,17483
Malvern Hills,-2.346178432,52.18309464,Owns Outright,15753
Redditch,-1.951203011,52.28226014,Owns Outright,11254
Worcester,-2.210907183,52.1962851,Owns Outright,14320
Wychavon,-2.051236204,52.16495473,Owns Outright,23188
Wyre Forest,-2.275643567,52.37964859,Owns Outright,18477
St Albans,-0.342835545,51.77235326,Owns Outright,20615
Welwyn Hatfield,-0.194360481,51.76773796,Owns Outright,12711
East Hertfordshire,-0.00870922,51.86504088,Owns Outright,21140
Stevenage,-0.190778925,51.90532164,Owns Outright,9522
East Suffolk,1.462236463,52.23722196,Owns Outright,49014
West Suffolk,0.621904761,52.27783559,Owns Outright,26398
Somerset West and Taunton,-3.362799711,51.08681537,Owns Outright,27731
Bolton,-2.466855489,53.5785946,Owns Outright,39475
Bury,-2.312187462,53.5876146,Owns Outright,27752
Manchester,-2.232642064,53.45090617,Owns Outright,35423
Oldham,-2.051716708,53.55197818,Owns Outright,29384
Rochdale,-2.157977236,53.61640542,Owns Outright,27411
Salford,-2.370645819,53.48955544,Owns Outright,25294
Stockport,-2.128115394,53.39381984,Owns Outright,46498
Tameside,-2.062595076,53.4778151,Owns Outright,30363
Trafford,-2.354567889,53.41944272,Owns Outright,33149
Wigan,-2.589304302,53.52438255,Owns Outright,49212
Knowsley,-2.833810968,53.42577631,Owns Outright,18902
Liverpool,-2.916827009,53.39563214,Owns Outright,50393
St. Helens,-2.722573442,53.45947892,Owns Outright,28023
Sefton,-3.015411693,53.56598673,Owns Outright,46426
Wirral,-3.092490981,53.36832384,Owns Outright,51333
Barnsley,-1.532427925,53.53591856,Owns Outright,35620
Doncaster,-1.095316654,53.54441256,Owns Outright,44881
Rotherham,-1.286167732,53.40895027,Owns Outright,38318
Sheffield,-1.550165536,53.40416175,Owns Outright,71903
Newcastle upon Tyne,-1.65780706,55.00783594,Owns Outright,30707
North Tyneside,-1.517595021,55.02809923,Owns Outright,31038
South Tyneside,-1.443736794,54.96345859,Owns Outright,20503
Sunderland,-1.452232617,54.8805122,Owns Outright,38312
Birmingham,-1.874388371,52.4885375,Owns Outright,114970
Coventry,-1.520150359,52.41735056,Owns Outright,40278
Dudley,-2.108118761,52.48313905,Owns Outright,51133
Sandwell,-2.008505062,52.51582047,Owns Outright,35924
Solihull,-1.727800153,52.41279379,Owns Outright,35054
Walsall,-1.966464676,52.59915138,Owns Outright,36296
Wolverhampton,-2.120607317,52.58899967,Owns Outright,31345
Bradford,-1.854799841,53.84480387,Owns Outright,66875
Calderdale,-1.973799757,53.72119003,Owns Outright,31269
Kirklees,-1.763291967,53.62742237,Owns Outright,62352
Leeds,-1.50588865,53.8255701,Owns Outright,95452
Wakefield,-1.411514615,53.66071437,Owns Outright,48566
Gateshead,-1.683691689,54.93541833,Owns Outright,27161
City of London,-0.09139891,51.51387518,Owns Outright,1114
Barking and Dagenham,0.133734378,51.54382086,Owns Outright,11130
Barnet,-0.209097776,51.61599733,Owns Outright,39083
Bexley,0.142777628,51.46092515,Owns Outright,31210
Brent,-0.267642915,51.55940618,Owns Outright,23933
Bromley,0.051075423,51.37209202,Owns Outright,44794
Camden,-0.15650519,51.54561306,Owns Outright,14780
Croydon,-0.08701249,51.35543964,Owns Outright,36992
Ealing,-0.330330305,51.52234244,Owns Outright,30275
Enfield,-0.087449771,51.65109953,Owns Outright,31740
Greenwich,0.055474556,51.47432114,Owns Outright,18473
Hackney,-0.063716753,51.55221341,Owns Outright,10263
Hammersmith and Fulham,-0.221958108,51.49561249,Owns Outright,12483
Haringey,-0.107074718,51.59012717,Owns Outright,18141
Harrow,-0.342398985,51.59821634,Owns Outright,26947
Havering,0.22076512,51.56309348,Owns Outright,34918
Hillingdon,-0.445468857,51.54091423,Owns Outright,28994
Hounslow,-0.366019011,51.46859919,Owns Outright,21761
Islington,-0.110016873,51.54867902,Owns Outright,11151
Kensington and Chelsea,-0.191895721,51.50057945,Owns Outright,13301
Kingston upon Thames,-0.286456134,51.38690897,Owns Outright,18519
Lambeth,-0.118775801,51.45429456,Owns Outright,16180
Lewisham,-0.020137242,51.44870508,Owns Outright,18853
Merton,-0.195734244,51.41025584,Owns Outright,20695
Newham,0.037871856,51.52687365,Owns Outright,14695
Redbridge,0.075865582,51.58511859,Owns Outright,27956
Richmond upon Thames,-0.312616093,51.44260645,Owns Outright,24535
Southwark,-0.074478372,51.47383789,Owns Outright,13879
Sutton,-0.177749907,51.361997,Owns Outright,23400
Tower Hamlets,-0.034247986,51.51600279,Owns Outright,9424
Waltham Forest,-0.01310028,51.59377006,Owns Outright,20817
Wandsworth,-0.187237692,51.45227037,Owns Outright,24410
Westminster,-0.160511287,51.51353663,Owns Outright,15213
Isle of Anglesey,-4.37472181,53.28617979,Owns Outright,13756
Gwynedd,-4.024941446,52.89502809,Owns Outright,22214
Conwy,-3.735824836,53.14080306,Owns Outright,22759
Denbighshire,-3.354402384,53.09174947,Owns Outright,16828
Flintshire,-3.163560806,53.21825045,Owns Outright,25945
Wrexham,-3.017385479,52.99025997,Owns Outright,19947
Ceredigion,-4.072462565,52.2560194,Owns Outright,14798
Pembrokeshire,-4.886152911,51.85369052,Owns Outright,24647
Carmarthenshire,-4.163230903,51.89922016,Owns Outright,35629
Swansea,-4.061362498,51.64144135,Owns Outright,37162
Neath Port Talbot,-3.743376404,51.68003448,Owns Outright,23850
Bridgend,-3.600279809,51.55604066,Owns Outright,23670
Vale of Glamorgan,-3.39990784,51.44488173,Owns Outright,22052
Cardiff,-3.200572838,51.50867207,Owns Outright,42072
Rhondda Cynon Taf,-3.436233101,51.65110363,Owns Outright,39686
Caerphilly,-3.204795023,51.65314831,Owns Outright,27449
Blaenau Gwent,-3.194049323,51.76642193,Owns Outright,10564
Torfaen,-3.053352197,51.69905727,Owns Outright,13952
Monmouthshire,-2.867501903,51.75787214,Owns Outright,17738
Newport,-2.961684834,51.573778,Owns Outright,20172
Powys,-3.409923737,52.32562857,Owns Outright,28098
Merthyr Tydfil,-3.3606662,51.74007652,Owns Outright,9101
Hartlepool,-1.255491673,54.6687524,Owns with a mortgage or loan or shared ownership,11312
Middlesbrough,-1.222803326,54.54263426,Owns with a mortgage or loan or shared ownership,16243
Redcar and Cleveland,-1.0215477,54.55345675,Owns with a mortgage or loan or shared ownership,17551
Stockton-on-Tees,-1.32897817,54.56246316,Owns with a mortgage or loan or shared ownership,28071
Darlington,-1.552697772,54.54875917,Owns with a mortgage or loan or shared ownership,14664
Halton,-2.720016309,53.34379321,Owns with a mortgage or loan or shared ownership,17173
Warrington,-2.562849436,53.39848758,Owns with a mortgage or loan or shared ownership,30932
Blackburn with Darwen,-2.467125659,53.69224143,Owns with a mortgage or loan or shared ownership,16266
Blackpool,-3.035480896,53.81754916,Owns with a mortgage or loan or shared ownership,17099
"Kingston upon Hull, City of",-0.336393722,53.76014155,Owns with a mortgage or loan or shared ownership,29631
East Riding of Yorkshire,-0.482243608,53.86796645,Owns with a mortgage or loan or shared ownership,46152
North East Lincolnshire,-0.133932131,53.54403874,Owns with a mortgage or loan or shared ownership,20569
North Lincolnshire,-0.592051957,53.59430536,Owns with a mortgage or loan or shared ownership,21771
York,-1.060622908,53.95864242,Owns with a mortgage or loan or shared ownership,24901
Derby,-1.468345352,52.91277199,Owns with a mortgage or loan or shared ownership,29775
Leicester,-1.127552546,52.63828214,Owns with a mortgage or loan or shared ownership,28768
Rutland,-0.654131628,52.66070059,Owns with a mortgage or loan or shared ownership,4788
Nottingham,-1.175936864,52.96117684,Owns with a mortgage or loan or shared ownership,28984
"Herefordshire, County of",-2.745674847,52.10375789,Owns with a mortgage or loan or shared ownership,20809
Telford and Wrekin,-2.488480286,52.73019552,Owns with a mortgage or loan or shared ownership,23362
Stoke-on-Trent,-2.165178307,53.01764815,Owns with a mortgage or loan or shared ownership,29499
Bath and North East Somerset,-2.474413176,51.35610688,Owns with a mortgage or loan or shared ownership,23668
"Bristol, City of",-2.77019708,51.45262518,Owns with a mortgage or loan or shared ownership,56877
North Somerset,-2.799962352,51.38924102,Owns with a mortgage or loan or shared ownership,31211
South Gloucestershire,-2.471175154,51.54735612,Owns with a mortgage or loan or shared ownership,43503
Plymouth,-4.120169786,50.39116289,Owns with a mortgage or loan or shared ownership,33604
Torbay,-3.530450608,50.44080631,Owns with a mortgage or loan or shared ownership,16321
Swindon,-1.744335675,51.57133752,Owns with a mortgage or loan or shared ownership,34278
Peterborough,-0.253777754,52.60847253,Owns with a mortgage or loan or shared ownership,25791
Luton,-0.424494227,51.89426164,Owns with a mortgage or loan or shared ownership,22707
Southend-on-Sea,0.728995239,51.53762932,Owns with a mortgage or loan or shared ownership,23804
Thurrock,0.374103739,51.50602384,Owns with a mortgage or loan or shared ownership,25553
Medway,0.570017714,51.42566667,Owns with a mortgage or loan or shared ownership,39380
Bracknell Forest,-0.739927541,51.40780192,Owns with a mortgage or loan or shared ownership,19930
West Berkshire,-1.304854635,51.44968897,Owns with a mortgage or loan or shared ownership,22706
Reading,-0.984755179,51.4532474,Owns with a mortgage or loan or shared ownership,19590
Slough,-0.586813114,51.50816196,Owns with a mortgage or loan or shared ownership,15759
Windsor and Maidenhead,-0.698992594,51.48508413,Owns with a mortgage or loan or shared ownership,20305
Wokingham,-0.884141546,51.42928171,Owns with a mortgage or loan or shared ownership,29073
Milton Keynes,-0.733464556,52.08427496,Owns with a mortgage or loan or shared ownership,41657
Brighton and Hove,-0.132123613,50.84329958,Owns with a mortgage or loan or shared ownership,32970
Portsmouth,-1.078468108,50.82068758,Owns with a mortgage or loan or shared ownership,23835
Southampton,-1.398613707,50.91698354,Owns with a mortgage or loan or shared ownership,26850
Isle of Wight,-1.296861898,50.67568106,Owns with a mortgage or loan or shared ownership,15592
County Durham,-1.839064804,54.69541122,Owns with a mortgage or loan or shared ownership,66467
Cheshire East,-2.349049597,53.18059798,Owns with a mortgage or loan or shared ownership,58227
Cheshire West and Chester,-2.736159909,53.20014942,Owns with a mortgage or loan or shared ownership,50281
Shropshire,-2.734085762,52.63579668,Owns with a mortgage or loan or shared ownership,37692
Cornwall,-4.825169974,50.40558138,Owns with a mortgage or loan or shared ownership,64248
Isles of Scilly,-6.298785649,49.92068351,Owns with a mortgage or loan or shared ownership,112
Wiltshire,-1.945053494,51.2973379,Owns with a mortgage or loan or shared ownership,66093
Bedford,-0.476597843,52.18934847,Owns with a mortgage or loan or shared ownership,25032
Central Bedfordshire,-0.436279775,52.00665229,Owns with a mortgage or loan or shared ownership,47417
Northumberland,-2.065310563,55.24272759,Owns with a mortgage or loan or shared ownership,39905
"Bournemouth, Christchurch and Poole",-1.882878934,50.74671957,Owns with a mortgage or loan or shared ownership,50711
Dorset,-2.333598515,50.80597544,Owns with a mortgage or loan or shared ownership,43213
Buckinghamshire,-0.812083184,51.78521255,Owns with a mortgage or loan or shared ownership,79839
North Northamptonshire,-0.626317019,52.42512438,Owns with a mortgage or loan or shared ownership,51005
West Northamptonshire,-1.036377869,52.22299295,Owns with a mortgage or loan or shared ownership,60820
Cambridge,0.131519818,52.19878641,Owns with a mortgage or loan or shared ownership,11106
East Cambridgeshire,0.295246863,52.34288539,Owns with a mortgage or loan or shared ownership,12387
Fenland,0.061111401,52.56272235,Owns with a mortgage or loan or shared ownership,13056
Huntingdonshire,-0.220643903,52.37391109,Owns with a mortgage or loan or shared ownership,26453
South Cambridgeshire,0.083682833,52.17420306,Owns with a mortgage or loan or shared ownership,23413
Allerdale,-3.246882232,54.71139034,Owns with a mortgage or loan or shared ownership,11517
Barrow-in-Furness,-3.21295987,54.12567821,Owns with a mortgage or loan or shared ownership,10265
Carlisle,-2.808328857,54.97104294,Owns with a mortgage or loan or shared ownership,15039
Copeland,-3.374034442,54.41419188,Owns with a mortgage or loan or shared ownership,8947
Eden,-2.621887446,54.61288528,Owns with a mortgage or loan or shared ownership,5958
South Lakeland,-2.850761571,54.29246643,Owns with a mortgage or loan or shared ownership,12149
Amber Valley,-1.466961273,53.02952476,Owns with a mortgage or loan or shared ownership,17771
Bolsover,-1.277171438,53.21522248,Owns with a mortgage or loan or shared ownership,10990
Chesterfield,-1.401065008,53.25538362,Owns with a mortgage or loan or shared ownership,12982
Derbyshire Dales,-1.694306732,53.12866005,Owns with a mortgage or loan or shared ownership,8143
Erewash,-1.347167505,52.93521496,Owns with a mortgage or loan or shared ownership,16550
High Peak,-1.873781106,53.37334676,Owns with a mortgage or loan or shared ownership,12846
North East Derbyshire,-1.447689952,53.22607587,Owns with a mortgage or loan or shared ownership,13737
South Derbyshire,-1.559800243,52.83078401,Owns with a mortgage or loan or shared ownership,17689
East Devon,-3.223581574,50.76412007,Owns with a mortgage or loan or shared ownership,17914
Exeter,-3.510156903,50.72184259,Owns with a mortgage or loan or shared ownership,14286
Mid Devon,-3.556215665,50.87581723,Owns with a mortgage or loan or shared ownership,10353
North Devon,-3.914595449,51.06972399,Owns with a mortgage or loan or shared ownership,11502
South Hams,-3.823395708,50.37345689,Owns with a mortgage or loan or shared ownership,10636
Teignbridge,-3.656907725,50.6063386,Owns with a mortgage or loan or shared ownership,17545
Torridge,-4.248486013,50.88591211,Owns with a mortgage or loan or shared ownership,7581
West Devon,-4.045973588,50.65587486,Owns with a mortgage or loan or shared ownership,6219
Eastbourne,0.26546236,50.77531616,Owns with a mortgage or loan or shared ownership,11194
Hastings,0.570346392,50.8694871,Owns with a mortgage or loan or shared ownership,10446
Lewes,0.005264897,50.88150528,Owns with a mortgage or loan or shared ownership,12959
Rother,0.538581664,50.95178525,Owns with a mortgage or loan or shared ownership,10582
Wealden,0.197874462,50.96758569,Owns with a mortgage or loan or shared ownership,22827
Basildon,0.465679283,51.59033466,Owns with a mortgage or loan or shared ownership,26144
Braintree,0.590114655,51.942004,Owns with a mortgage or loan or shared ownership,22303
Brentwood,0.310749909,51.63854708,Owns with a mortgage or loan or shared ownership,11675
Castle Point,0.593693535,51.53628576,Owns with a mortgage or loan or shared ownership,13135
Chelmsford,0.480997185,51.72544859,Owns with a mortgage or loan or shared ownership,26570
Colchester,0.86138368,51.87261073,Owns with a mortgage or loan or shared ownership,25771
Epping Forest,0.14822602,51.70876461,Owns with a mortgage or loan or shared ownership,19160
Harlow,0.108905467,51.76897982,Owns with a mortgage or loan or shared ownership,12121
Maldon,0.783836065,51.70919684,Owns with a mortgage or loan or shared ownership,9261
Rochford,0.810140477,51.59115862,Owns with a mortgage or loan or shared ownership,13307
Tendring,1.115496807,51.87126931,Owns with a mortgage or loan or shared ownership,17019
Uttlesford,0.279512164,51.93486071,Owns with a mortgage or loan or shared ownership,13568
Cheltenham,-2.072887206,51.89628748,Owns with a mortgage or loan or shared ownership,15670
Cotswold,-1.892465444,51.81643589,Owns with a mortgage or loan or shared ownership,11129
Forest of Dean,-2.489829872,51.82865316,Owns with a mortgage or loan or shared ownership,10871
Gloucester,-2.240448274,51.84987819,Owns with a mortgage or loan or shared ownership,18499
Stroud,-2.300134096,51.72963652,Owns with a mortgage or loan or shared ownership,17163
Tewkesbury,-2.088020906,51.94558768,Owns with a mortgage or loan or shared ownership,13893
Basingstoke and Deane,-1.201244159,51.27348604,Owns with a mortgage or loan or shared ownership,27645
East Hampshire,-0.95483852,51.0744378,Owns with a mortgage or loan or shared ownership,18147
Eastleigh,-1.327904779,50.93309664,Owns with a mortgage or loan or shared ownership,21539
Fareham,-1.226221305,50.8524203,Owns with a mortgage or loan or shared ownership,17379
Gosport,-1.158812768,50.80548305,Owns with a mortgage or loan or shared ownership,10969
Hart,-0.897883065,51.28474992,Owns with a mortgage or loan or shared ownership,16046
Havant,-0.989837407,50.83874512,Owns with a mortgage or loan or shared ownership,15995
New Forest,-1.625525482,50.85859358,Owns with a mortgage or loan or shared ownership,21875
Rushmoor,-0.767550882,51.27424876,Owns with a mortgage or loan or shared ownership,14474
Test Valley,-1.511029682,51.1284833,Owns with a mortgage or loan or shared ownership,19023
Winchester,-1.221369927,51.02823248,Owns with a mortgage or loan or shared ownership,15972
Broxbourne,-0.048278215,51.72431754,Owns with a mortgage or loan or shared ownership,14599
Dacorum,-0.540983785,51.77833683,Owns with a mortgage or loan or shared ownership,21331
Hertsmere,-0.280656855,51.67740519,Owns with a mortgage or loan or shared ownership,14660
North Hertfordshire,-0.192412242,51.95931788,Owns with a mortgage or loan or shared ownership,18470
Three Rivers,-0.460778533,51.66126119,Owns with a mortgage or loan or shared ownership,13610
Watford,-0.402759346,51.66808894,Owns with a mortgage or loan or shared ownership,12687
Ashford,0.81191686,51.12520995,Owns with a mortgage or loan or shared ownership,18482
Canterbury,1.101422554,51.28328431,Owns with a mortgage or loan or shared ownership,17422
Dartford,0.2540746,51.43142598,Owns with a mortgage or loan or shared ownership,18736
Dover,1.289170214,51.21240819,Owns with a mortgage or loan or shared ownership,14112
Gravesham,0.396045524,51.40558903,Owns with a mortgage or loan or shared ownership,13385
Maidstone,0.580573702,51.23479262,Owns with a mortgage or loan or shared ownership,25149
Sevenoaks,0.171701145,51.27599765,Owns with a mortgage or loan or shared ownership,17210
Folkestone and Hythe,0.995724342,51.054408,Owns with a mortgage or loan or shared ownership,13206
Swale,0.812481002,51.34171891,Owns with a mortgage or loan or shared ownership,20547
Thanet,1.340396403,51.35426394,Owns with a mortgage or loan or shared ownership,15713
Tonbridge and Malling,0.357090525,51.27296673,Owns with a mortgage or loan or shared ownership,20234
Tunbridge Wells,0.430918392,51.11408369,Owns with a mortgage or loan or shared ownership,15590
Burnley,-2.221402157,53.77886155,Owns with a mortgage or loan or shared ownership,10876
Chorley,-2.648161855,53.66120381,Owns with a mortgage or loan or shared ownership,17956
Fylde,-2.922332455,53.784236,Owns with a mortgage or loan or shared ownership,10863
Hyndburn,-2.389563336,53.75887795,Owns with a mortgage or loan or shared ownership,10107
Lancaster,-2.714570992,54.06913539,Owns with a mortgage or loan or shared ownership,17602
Pendle,-2.185645787,53.86547477,Owns with a mortgage or loan or shared ownership,10676
Preston,-2.697257226,53.81153827,Owns with a mortgage or loan or shared ownership,17035
Ribble Valley,-2.445112004,53.90724193,Owns with a mortgage or loan or shared ownership,8938
Rossendale,-2.266892572,53.69404607,Owns with a mortgage or loan or shared ownership,10262
South Ribble,-2.710691477,53.72807753,Owns with a mortgage or loan or shared ownership,17895
West Lancashire,-2.882483652,53.6095753,Owns with a mortgage or loan or shared ownership,15780
Wyre,-2.853666495,53.90293103,Owns with a mortgage or loan or shared ownership,14946
Blaby,-1.221576853,52.57168276,Owns with a mortgage or loan or shared ownership,16609
Charnwood,-1.14633676,52.73704582,Owns with a mortgage or loan or shared ownership,24654
Harborough,-1.007699842,52.53951562,Owns with a mortgage or loan or shared ownership,14953
Hinckley and Bosworth,-1.390600303,52.61663473,Owns with a mortgage or loan or shared ownership,17525
Melton,-0.855997158,52.79672433,Owns with a mortgage or loan or shared ownership,7120
North West Leicestershire,-1.405140341,52.753195,Owns with a mortgage or loan or shared ownership,16169
Oadby and Wigston,-1.093311627,52.58698967,Owns with a mortgage or loan or shared ownership,7464
Boston,-0.0217859,52.97429147,Owns with a mortgage or loan or shared ownership,7714
East Lindsey,0.029920432,53.24995025,Owns with a mortgage or loan or shared ownership,14424
Lincoln,-0.554931188,53.22472406,Owns with a mortgage or loan or shared ownership,10761
North Kesteven,-0.445942716,53.08121531,Owns with a mortgage or loan or shared ownership,17260
South Holland,-0.031965865,52.79785002,Owns with a mortgage or loan or shared ownership,12153
South Kesteven,-0.51836719,52.8547449,Owns with a mortgage or loan or shared ownership,19809
West Lindsey,-0.477428025,53.39286308,Owns with a mortgage or loan or shared ownership,12597
Breckland,0.836890107,52.58811364,Owns with a mortgage or loan or shared ownership,16768
Broadland,1.309592347,52.70135623,Owns with a mortgage or loan or shared ownership,18586
Great Yarmouth,1.661431393,52.64083725,Owns with a mortgage or loan or shared ownership,10671
King's Lynn and West Norfolk,0.47064174,52.7271544,Owns with a mortgage or loan or shared ownership,17473
North Norfolk,1.169508909,52.85044968,Owns with a mortgage or loan or shared ownership,10034
Norwich,1.279418606,52.6322924,Owns with a mortgage or loan or shared ownership,13160
South Norfolk,1.275850453,52.51448675,Owns with a mortgage or loan or shared ownership,19931
Craven,-2.174315011,54.07988758,Owns with a mortgage or loan or shared ownership,7021
Hambleton,-1.319320546,54.28734471,Owns with a mortgage or loan or shared ownership,10728
Harrogate,-1.595746175,54.06710448,Owns with a mortgage or loan or shared ownership,21618
Richmondshire,-1.934005521,54.36151461,Owns with a mortgage or loan or shared ownership,5093
Ryedale,-0.85166028,54.21044451,Owns with a mortgage or loan or shared ownership,5876
Scarborough,-0.635270931,54.36642403,Owns with a mortgage or loan or shared ownership,11792
Selby,-1.135296661,53.7874786,Owns with a mortgage or loan or shared ownership,14772
Ashfield,-1.258340202,53.09175983,Owns with a mortgage or loan or shared ownership,17487
Bassetlaw,-0.958783563,53.33290258,Owns with a mortgage or loan or shared ownership,15889
Broxtowe,-1.26201293,52.97566594,Owns with a mortgage or loan or shared ownership,15304
Gedling,-1.11934704,53.02855422,Owns with a mortgage or loan or shared ownership,17687
Mansfield,-1.173739703,53.17095784,Owns with a mortgage or loan or shared ownership,14302
Newark and Sherwood,-0.91989131,53.12402029,Owns with a mortgage or loan or shared ownership,16705
Rushcliffe,-1.037443181,52.90065362,Owns with a mortgage or loan or shared ownership,17777
Cherwell,-1.27610071,51.95856152,Owns with a mortgage or loan or shared ownership,22661
Oxford,-1.241704101,51.75474979,Owns with a mortgage or loan or shared ownership,11835
South Oxfordshire,-1.071041234,51.63382565,Owns with a mortgage or loan or shared ownership,21131
Vale of White Horse,-1.440861855,51.63425356,Owns with a mortgage or loan or shared ownership,19453
West Oxfordshire,-1.506881793,51.83767299,Owns with a mortgage or loan or shared ownership,15077
Mendip,-2.544350678,51.20284921,Owns with a mortgage or loan or shared ownership,14489
Sedgemoor,-2.953262913,51.18488562,Owns with a mortgage or loan or shared ownership,16170
South Somerset,-2.709901213,50.98792153,Owns with a mortgage or loan or shared ownership,21066
Cannock Chase,-1.980491882,52.71241859,Owns with a mortgage or loan or shared ownership,14735
East Staffordshire,-1.81201615,52.86308344,Owns with a mortgage or loan or shared ownership,15940
Lichfield,-1.804757128,52.68787378,Owns with a mortgage or loan or shared ownership,14973
Newcastle-under-Lyme,-2.317909601,52.99374399,Owns with a mortgage or loan or shared ownership,16066
South Staffordshire,-2.176525036,52.62500287,Owns with a mortgage or loan or shared ownership,14451
Stafford,-2.176191074,52.84820474,Owns with a mortgage or loan or shared ownership,19058
Staffordshire Moorlands,-1.981587362,53.07915595,Owns with a mortgage or loan or shared ownership,12904
Tamworth,-1.676701947,52.6262752,Owns with a mortgage or loan or shared ownership,11303
Babergh,0.914959047,52.05074378,Owns with a mortgage or loan or shared ownership,11387
Ipswich,1.159292255,52.05520695,Owns with a mortgage or loan or shared ownership,16535
Mid Suffolk,1.092631373,52.24679544,Owns with a mortgage or loan or shared ownership,14053
Elmbridge,-0.39198564,51.35716789,Owns with a mortgage or loan or shared ownership,21418
Epsom and Ewell,-0.261601077,51.33938795,Owns with a mortgage or loan or shared ownership,12161
Guildford,-0.562222705,51.24797863,Owns with a mortgage or loan or shared ownership,18446
Mole Valley,-0.32564805,51.2121891,Owns with a mortgage or loan or shared ownership,12433
Reigate and Banstead,-0.19181452,51.25334988,Owns with a mortgage or loan or shared ownership,23343
Runnymede,-0.540821274,51.393303,Owns with a mortgage or loan or shared ownership,12216
Spelthorne,-0.467453203,51.42443395,Owns with a mortgage or loan or shared ownership,15020
Surrey Heath,-0.671211347,51.3433395,Owns with a mortgage or loan or shared ownership,13859
Tandridge,-0.043495129,51.22696644,Owns with a mortgage or loan or shared ownership,13615
Waverley,-0.633469278,51.15013356,Owns with a mortgage or loan or shared ownership,18240
Woking,-0.560499564,51.31452608,Owns with a mortgage or loan or shared ownership,14618
North Warwickshire,-1.627622745,52.54712328,Owns with a mortgage or loan or shared ownership,9117
Nuneaton and Bedworth,-1.475538461,52.50109525,Owns with a mortgage or loan or shared ownership,19136
Rugby,-1.32820046,52.38445519,Owns with a mortgage or loan or shared ownership,16704
Stratford-on-Avon,-1.622627172,52.17861308,Owns with a mortgage or loan or shared ownership,19027
Warwick,-1.58320889,52.31016755,Owns with a mortgage or loan or shared ownership,20440
Adur,-0.298974066,50.8437563,Owns with a mortgage or loan or shared ownership,9019
Arun,-0.568039098,50.84056369,Owns with a mortgage or loan or shared ownership,20424
Chichester,-0.742537073,50.93730724,Owns with a mortgage or loan or shared ownership,13411
Crawley,-0.182070165,51.12556003,Owns with a mortgage or loan or shared ownership,14983
Horsham,-0.36700229,50.9934095,Owns with a mortgage or loan or shared ownership,21655
Mid Sussex,-0.127444733,51.02046572,Owns with a mortgage or loan or shared ownership,23564
Worthing,-0.396273284,50.82872755,Owns with a mortgage or loan or shared ownership,15710
Bromsgrove,-2.016741484,52.36216772,Owns with a mortgage or loan or shared ownership,14969
Malvern Hills,-2.346178432,52.18309464,Owns with a mortgage or loan or shared ownership,9471
Redditch,-1.951203011,52.28226014,Owns with a mortgage or loan or shared ownership,12475
Worcester,-2.210907183,52.1962851,Owns with a mortgage or loan or shared ownership,13614
Wychavon,-2.051236204,52.16495473,Owns with a mortgage or loan or shared ownership,17705
Wyre Forest,-2.275643567,52.37964859,Owns with a mortgage or loan or shared ownership,13145
St Albans,-0.342835545,51.77235326,Owns with a mortgage or loan or shared ownership,21534
Welwyn Hatfield,-0.194360481,51.76773796,Owns with a mortgage or loan or shared ownership,14112
East Hertfordshire,-0.00870922,51.86504088,Owns with a mortgage or loan or shared ownership,22785
Stevenage,-0.190778925,51.90532164,Owns with a mortgage or loan or shared ownership,11900
East Suffolk,1.462236463,52.23722196,Owns with a mortgage or loan or shared ownership,27709
West Suffolk,0.621904761,52.27783559,Owns with a mortgage or loan or shared ownership,21933
Somerset West and Taunton,-3.362799711,51.08681537,Owns with a mortgage or loan or shared ownership,18683
Bolton,-2.466855489,53.5785946,Owns with a mortgage or loan or shared ownership,34101
Bury,-2.312187462,53.5876146,Owns with a mortgage or loan or shared ownership,26532
Manchester,-2.232642064,53.45090617,Owns with a mortgage or loan or shared ownership,46181
Oldham,-2.051716708,53.55197818,Owns with a mortgage or loan or shared ownership,27257
Rochdale,-2.157977236,53.61640542,Owns with a mortgage or loan or shared ownership,27308
Salford,-2.370645819,53.48955544,Owns with a mortgage or loan or shared ownership,29420
Stockport,-2.128115394,53.39381984,Owns with a mortgage or loan or shared ownership,45013
Tameside,-2.062595076,53.4778151,Owns with a mortgage or loan or shared ownership,30478
Trafford,-2.354567889,53.41944272,Owns with a mortgage or loan or shared ownership,33892
Wigan,-2.589304302,53.52438255,Owns with a mortgage or loan or shared ownership,46421
Knowsley,-2.833810968,53.42577631,Owns with a mortgage or loan or shared ownership,20927
Liverpool,-2.916827009,53.39563214,Owns with a mortgage or loan or shared ownership,48026
St. Helens,-2.722573442,53.45947892,Owns with a mortgage or loan or shared ownership,24653
Sefton,-3.015411693,53.56598673,Owns with a mortgage or loan or shared ownership,36410
Wirral,-3.092490981,53.36832384,Owns with a mortgage or loan or shared ownership,42668
Barnsley,-1.532427925,53.53591856,Owns with a mortgage or loan or shared ownership,32255
Doncaster,-1.095316654,53.54441256,Owns with a mortgage or loan or shared ownership,39565
Rotherham,-1.286167732,53.40895027,Owns with a mortgage or loan or shared ownership,34645
Sheffield,-1.550165536,53.40416175,Owns with a mortgage or loan or shared ownership,64050
Newcastle upon Tyne,-1.65780706,55.00783594,Owns with a mortgage or loan or shared ownership,30349
North Tyneside,-1.517595021,55.02809923,Owns with a mortgage or loan or shared ownership,30737
South Tyneside,-1.443736794,54.96345859,Owns with a mortgage or loan or shared ownership,18488
Sunderland,-1.452232617,54.8805122,Owns with a mortgage or loan or shared ownership,33164
Birmingham,-1.874388371,52.4885375,Owns with a mortgage or loan or shared ownership,111687
Coventry,-1.520150359,52.41735056,Owns with a mortgage or loan or shared ownership,37690
Dudley,-2.108118761,52.48313905,Owns with a mortgage or loan or shared ownership,40538
Sandwell,-2.008505062,52.51582047,Owns with a mortgage or loan or shared ownership,34711
Solihull,-1.727800153,52.41279379,Owns with a mortgage or loan or shared ownership,30294
Walsall,-1.966464676,52.59915138,Owns with a mortgage or loan or shared ownership,30850
Wolverhampton,-2.120607317,52.58899967,Owns with a mortgage or loan or shared ownership,26910
Bradford,-1.854799841,53.84480387,Owns with a mortgage or loan or shared ownership,63741
Calderdale,-1.973799757,53.72119003,Owns with a mortgage or loan or shared ownership,27536
Kirklees,-1.763291967,53.62742237,Owns with a mortgage or loan or shared ownership,54932
Leeds,-1.50588865,53.8255701,Owns with a mortgage or loan or shared ownership,101079
Wakefield,-1.411514615,53.66071437,Owns with a mortgage or loan or shared ownership,48460
Gateshead,-1.683691689,54.93541833,Owns with a mortgage or loan or shared ownership,24798
City of London,-0.09139891,51.51387518,Owns with a mortgage or loan or shared ownership,692
Barking and Dagenham,0.133734378,51.54382086,Owns with a mortgage or loan or shared ownership,21463
Barnet,-0.209097776,51.61599733,Owns with a mortgage or loan or shared ownership,40957
Bexley,0.142777628,51.46092515,Owns with a mortgage or loan or shared ownership,35470
Brent,-0.267642915,51.55940618,Owns with a mortgage or loan or shared ownership,23906
Bromley,0.051075423,51.37209202,Owns with a mortgage or loan or shared ownership,49400
Camden,-0.15650519,51.54561306,Owns with a mortgage or loan or shared ownership,13442
Croydon,-0.08701249,51.35543964,Owns with a mortgage or loan or shared ownership,48858
Ealing,-0.330330305,51.52234244,Owns with a mortgage or loan or shared ownership,34197
Enfield,-0.087449771,51.65109953,Owns with a mortgage or loan or shared ownership,32926
Greenwich,0.055474556,51.47432114,Owns with a mortgage or loan or shared ownership,30925
Hackney,-0.063716753,51.55221341,Owns with a mortgage or loan or shared ownership,18467
Hammersmith and Fulham,-0.221958108,51.49561249,Owns with a mortgage or loan or shared ownership,14815
Haringey,-0.107074718,51.59012717,Owns with a mortgage or loan or shared ownership,22707
Harrow,-0.342398985,51.59821634,Owns with a mortgage or loan or shared ownership,26750
Havering,0.22076512,51.56309348,Owns with a mortgage or loan or shared ownership,36437
Hillingdon,-0.445468857,51.54091423,Owns with a mortgage or loan or shared ownership,34210
Hounslow,-0.366019011,51.46859919,Owns with a mortgage or loan or shared ownership,27508
Islington,-0.110016873,51.54867902,Owns with a mortgage or loan or shared ownership,16169
Kensington and Chelsea,-0.191895721,51.50057945,Owns with a mortgage or loan or shared ownership,8566
Kingston upon Thames,-0.286456134,51.38690897,Owns with a mortgage or loan or shared ownership,21878
Lambeth,-0.118775801,51.45429456,Owns with a mortgage or loan or shared ownership,30730
Lewisham,-0.020137242,51.44870508,Owns with a mortgage or loan or shared ownership,34321
Merton,-0.195734244,51.41025584,Owns with a mortgage or loan or shared ownership,25642
Newham,0.037871856,51.52687365,Owns with a mortgage or loan or shared ownership,23623
Redbridge,0.075865582,51.58511859,Owns with a mortgage or loan or shared ownership,32248
Richmond upon Thames,-0.312616093,51.44260645,Owns with a mortgage or loan or shared ownership,26386
Southwark,-0.074478372,51.47383789,Owns with a mortgage or loan or shared ownership,27052
Sutton,-0.177749907,51.361997,Owns with a mortgage or loan or shared ownership,30536
Tower Hamlets,-0.034247986,51.51600279,Owns with a mortgage or loan or shared ownership,21602
Waltham Forest,-0.01310028,51.59377006,Owns with a mortgage or loan or shared ownership,31239
Wandsworth,-0.187237692,51.45227037,Owns with a mortgage or loan or shared ownership,36424
Westminster,-0.160511287,51.51353663,Owns with a mortgage or loan or shared ownership,11444
Isle of Anglesey,-4.37472181,53.28617979,Owns with a mortgage or loan or shared ownership,7351
Gwynedd,-4.024941446,52.89502809,Owns with a mortgage or loan or shared ownership,11364
Conwy,-3.735824836,53.14080306,Owns with a mortgage or loan or shared ownership,13258
Denbighshire,-3.354402384,53.09174947,Owns with a mortgage or loan or shared ownership,11346
Flintshire,-3.163560806,53.21825045,Owns with a mortgage or loan or shared ownership,22381
Wrexham,-3.017385479,52.99025997,Owns with a mortgage or loan or shared ownership,16453
Ceredigion,-4.072462565,52.2560194,Owns with a mortgage or loan or shared ownership,6474
Pembrokeshire,-4.886152911,51.85369052,Owns with a mortgage or loan or shared ownership,12697
Carmarthenshire,-4.163230903,51.89922016,Owns with a mortgage or loan or shared ownership,22145
Swansea,-4.061362498,51.64144135,Owns with a mortgage or loan or shared ownership,28539
Neath Port Talbot,-3.743376404,51.68003448,Owns with a mortgage or loan or shared ownership,17760
Bridgend,-3.600279809,51.55604066,Owns with a mortgage or loan or shared ownership,20427
Vale of Glamorgan,-3.39990784,51.44488173,Owns with a mortgage or loan or shared ownership,19366
Cardiff,-3.200572838,51.50867207,Owns with a mortgage or loan or shared ownership,43794
Rhondda Cynon Taf,-3.436233101,51.65110363,Owns with a mortgage or loan or shared ownership,31116
Caerphilly,-3.204795023,51.65314831,Owns with a mortgage or loan or shared ownership,24281
Blaenau Gwent,-3.194049323,51.76642193,Owns with a mortgage or loan or shared ownership,7694
Torfaen,-3.053352197,51.69905727,Owns with a mortgage or loan or shared ownership,12186
Monmouthshire,-2.867501903,51.75787214,Owns with a mortgage or loan or shared ownership,11838
Newport,-2.961684834,51.573778,Owns with a mortgage or loan or shared ownership,21861
Powys,-3.409923737,52.32562857,Owns with a mortgage or loan or shared ownership,12737
Merthyr Tydfil,-3.3606662,51.74007652,Owns with a mortgage or loan or shared ownership,7045
Hartlepool,-1.255491673,54.6687524,Social Rented,9594
Middlesbrough,-1.222803326,54.54263426,Social Rented,14006
Redcar and Cleveland,-1.0215477,54.55345675,Social Rented,11649
Stockton-on-Tees,-1.32897817,54.56246316,Social Rented,13673
Darlington,-1.552697772,54.54875917,Social Rented,7931
Halton,-2.720016309,53.34379321,Social Rented,13619
Warrington,-2.562849436,53.39848758,Social Rented,13842
Blackburn with Darwen,-2.467125659,53.69224143,Social Rented,11031
Blackpool,-3.035480896,53.81754916,Social Rented,6700
"Kingston upon Hull, City of",-0.336393722,53.76014155,Social Rented,31167
East Riding of Yorkshire,-0.482243608,53.86796645,Social Rented,14280
North East Lincolnshire,-0.133932131,53.54403874,Social Rented,9191
North Lincolnshire,-0.592051957,53.59430536,Social Rented,10953
York,-1.060622908,53.95864242,Social Rented,11924
Derby,-1.468345352,52.91277199,Social Rented,19851
Leicester,-1.127552546,52.63828214,Social Rented,29495
Rutland,-0.654131628,52.66070059,Social Rented,1819
Nottingham,-1.175936864,52.96117684,Social Rented,31796
"Herefordshire, County of",-2.745674847,52.10375789,Social Rented,11309
Telford and Wrekin,-2.488480286,52.73019552,Social Rented,13784
Stoke-on-Trent,-2.165178307,53.01764815,Social Rented,24569
Bath and North East Somerset,-2.474413176,51.35610688,Social Rented,11363
"Bristol, City of",-2.77019708,51.45262518,Social Rented,35879
North Somerset,-2.799962352,51.38924102,Social Rented,8714
South Gloucestershire,-2.471175154,51.54735612,Social Rented,12738
Plymouth,-4.120169786,50.39116289,Social Rented,21111
Torbay,-3.530450608,50.44080631,Social Rented,5225
Swindon,-1.744335675,51.57133752,Social Rented,14944
Peterborough,-0.253777754,52.60847253,Social Rented,15760
Luton,-0.424494227,51.89426164,Social Rented,12923
Southend-on-Sea,0.728995239,51.53762932,Social Rented,9019
Thurrock,0.374103739,51.50602384,Social Rented,11733
Medway,0.570017714,51.42566667,Social Rented,15130
Bracknell Forest,-0.739927541,51.40780192,Social Rented,7889
West Berkshire,-1.304854635,51.44968897,Social Rented,9305
Reading,-0.984755179,51.4532474,Social Rented,10924
Slough,-0.586813114,51.50816196,Social Rented,10266
Windsor and Maidenhead,-0.698992594,51.48508413,Social Rented,7655
Wokingham,-0.884141546,51.42928171,Social Rented,5331
Milton Keynes,-0.733464556,52.08427496,Social Rented,20448
Brighton and Hove,-0.132123613,50.84329958,Social Rented,18051
Portsmouth,-1.078468108,50.82068758,Social Rented,15507
Southampton,-1.398613707,50.91698354,Social Rented,22397
Isle of Wight,-1.296861898,50.67568106,Social Rented,7057
County Durham,-1.839064804,54.69541122,Social Rented,46858
Cheshire East,-2.349049597,53.18059798,Social Rented,20243
Cheshire West and Chester,-2.736159909,53.20014942,Social Rented,22710
Shropshire,-2.734085762,52.63579668,Social Rented,18169
Cornwall,-4.825169974,50.40558138,Social Rented,32039
Isles of Scilly,-6.298785649,49.92068351,Social Rented,162
Wiltshire,-1.945053494,51.2973379,Social Rented,31228
Bedford,-0.476597843,52.18934847,Social Rented,12200
Central Bedfordshire,-0.436279775,52.00665229,Social Rented,16077
Northumberland,-2.065310563,55.24272759,Social Rented,26085
"Bournemouth, Christchurch and Poole",-1.882878934,50.74671957,Social Rented,19102
Dorset,-2.333598515,50.80597544,Social Rented,20836
Buckinghamshire,-0.812083184,51.78521255,Social Rented,28535
North Northamptonshire,-0.626317019,52.42512438,Social Rented,22671
West Northamptonshire,-1.036377869,52.22299295,Social Rented,24811
Cambridge,0.131519818,52.19878641,Social Rented,11890
East Cambridgeshire,0.295246863,52.34288539,Social Rented,5200
Fenland,0.061111401,52.56272235,Social Rented,5581
Huntingdonshire,-0.220643903,52.37391109,Social Rented,9886
South Cambridgeshire,0.083682833,52.17420306,Social Rented,9696
Allerdale,-3.246882232,54.71139034,Social Rented,8313
Barrow-in-Furness,-3.21295987,54.12567821,Social Rented,3451
Carlisle,-2.808328857,54.97104294,Social Rented,7272
Copeland,-3.374034442,54.41419188,Social Rented,5429
Eden,-2.621887446,54.61288528,Social Rented,2542
South Lakeland,-2.850761571,54.29246643,Social Rented,5112
Amber Valley,-1.466961273,53.02952476,Social Rented,7169
Bolsover,-1.277171438,53.21522248,Social Rented,5762
Chesterfield,-1.401065008,53.25538362,Social Rented,9967
Derbyshire Dales,-1.694306732,53.12866005,Social Rented,4075
Erewash,-1.347167505,52.93521496,Social Rented,6398
High Peak,-1.873781106,53.37334676,Social Rented,4957
North East Derbyshire,-1.447689952,53.22607587,Social Rented,8597
South Derbyshire,-1.559800243,52.83078401,Social Rented,4466
East Devon,-3.223581574,50.76412007,Social Rented,6898
Exeter,-3.510156903,50.72184259,Social Rented,8727
Mid Devon,-3.556215665,50.87581723,Social Rented,4504
North Devon,-3.914595449,51.06972399,Social Rented,4811
South Hams,-3.823395708,50.37345689,Social Rented,4653
Teignbridge,-3.656907725,50.6063386,Social Rented,5694
Torridge,-4.248486013,50.88591211,Social Rented,2847
West Devon,-4.045973588,50.65587486,Social Rented,2495
Eastbourne,0.26546236,50.77531616,Social Rented,5940
Hastings,0.570346392,50.8694871,Social Rented,5771
Lewes,0.005264897,50.88150528,Social Rented,4774
Rother,0.538581664,50.95178525,Social Rented,4293
Wealden,0.197874462,50.96758569,Social Rented,5701
Basildon,0.465679283,51.59033466,Social Rented,16213
Braintree,0.590114655,51.942004,Social Rented,10593
Brentwood,0.310749909,51.63854708,Social Rented,3660
Castle Point,0.593693535,51.53628576,Social Rented,2051
Chelmsford,0.480997185,51.72544859,Social Rented,10017
Colchester,0.86138368,51.87261073,Social Rented,10585
Epping Forest,0.14822602,51.70876461,Social Rented,7993
Harlow,0.108905467,51.76897982,Social Rented,11097
Maldon,0.783836065,51.70919684,Social Rented,3132
Rochford,0.810140477,51.59115862,Social Rented,2871
Tendring,1.115496807,51.87126931,Social Rented,5506
Uttlesford,0.279512164,51.93486071,Social Rented,4809
Cheltenham,-2.072887206,51.89628748,Social Rented,6432
Cotswold,-1.892465444,51.81643589,Social Rented,6232
Forest of Dean,-2.489829872,51.82865316,Social Rented,4836
Gloucester,-2.240448274,51.84987819,Social Rented,7537
Stroud,-2.300134096,51.72963652,Social Rented,6430
Tewkesbury,-2.088020906,51.94558768,Social Rented,5198
Basingstoke and Deane,-1.201244159,51.27348604,Social Rented,13711
East Hampshire,-0.95483852,51.0744378,Social Rented,6607
Eastleigh,-1.327904779,50.93309664,Social Rented,7430
Fareham,-1.226221305,50.8524203,Social Rented,3959
Gosport,-1.158812768,50.80548305,Social Rented,5862
Hart,-0.897883065,51.28474992,Social Rented,3514
Havant,-0.989837407,50.83874512,Social Rented,9989
New Forest,-1.625525482,50.85859358,Social Rented,8367
Rushmoor,-0.767550882,51.27424876,Social Rented,6369
Test Valley,-1.511029682,51.1284833,Social Rented,7842
Winchester,-1.221369927,51.02823248,Social Rented,7937
Broxbourne,-0.048278215,51.72431754,Social Rented,5683
Dacorum,-0.540983785,51.77833683,Social Rented,13320
Hertsmere,-0.280656855,51.67740519,Social Rented,7401
North Hertfordshire,-0.192412242,51.95931788,Social Rented,10594
Three Rivers,-0.460778533,51.66126119,Social Rented,5467
Watford,-0.402759346,51.66808894,Social Rented,6172
Ashford,0.81191686,51.12520995,Social Rented,7501
Canterbury,1.101422554,51.28328431,Social Rented,7800
Dartford,0.2540746,51.43142598,Social Rented,6314
Dover,1.289170214,51.21240819,Social Rented,7039
Gravesham,0.396045524,51.40558903,Social Rented,7270
Maidstone,0.580573702,51.23479262,Social Rented,9507
Sevenoaks,0.171701145,51.27599765,Social Rented,6465
Folkestone and Hythe,0.995724342,51.054408,Social Rented,5251
Swale,0.812481002,51.34171891,Social Rented,8041
Thanet,1.340396403,51.35426394,Social Rented,7396
Tonbridge and Malling,0.357090525,51.27296673,Social Rented,8255
Tunbridge Wells,0.430918392,51.11408369,Social Rented,7029
Burnley,-2.221402157,53.77886155,Social Rented,6209
Chorley,-2.648161855,53.66120381,Social Rented,6637
Fylde,-2.922332455,53.784236,Social Rented,3134
Hyndburn,-2.389563336,53.75887795,Social Rented,4711
Lancaster,-2.714570992,54.06913539,Social Rented,6153
Pendle,-2.185645787,53.86547477,Social Rented,4491
Preston,-2.697257226,53.81153827,Social Rented,10983
Ribble Valley,-2.445112004,53.90724193,Social Rented,2151
Rossendale,-2.266892572,53.69404607,Social Rented,4514
South Ribble,-2.710691477,53.72807753,Social Rented,5039
West Lancashire,-2.882483652,53.6095753,Social Rented,6958
Wyre,-2.853666495,53.90293103,Social Rented,3871
Blaby,-1.221576853,52.57168276,Social Rented,3497
Charnwood,-1.14633676,52.73704582,Social Rented,8632
Harborough,-1.007699842,52.53951562,Social Rented,3531
Hinckley and Bosworth,-1.390600303,52.61663473,Social Rented,5049
Melton,-0.855997158,52.79672433,Social Rented,2416
North West Leicestershire,-1.405140341,52.753195,Social Rented,6089
Oadby and Wigston,-1.093311627,52.58698967,Social Rented,1793
Boston,-0.0217859,52.97429147,Social Rented,5726
East Lindsey,0.029920432,53.24995025,Social Rented,7295
Lincoln,-0.554931188,53.22472406,Social Rented,8953
North Kesteven,-0.445942716,53.08121531,Social Rented,5113
South Holland,-0.031965865,52.79785002,Social Rented,4936
South Kesteven,-0.51836719,52.8547449,Social Rented,7851
West Lindsey,-0.477428025,53.39286308,Social Rented,4605
Breckland,0.836890107,52.58811364,Social Rented,8507
Broadland,1.309592347,52.70135623,Social Rented,5619
Great Yarmouth,1.661431393,52.64083725,Social Rented,7213
King's Lynn and West Norfolk,0.47064174,52.7271544,Social Rented,9180
North Norfolk,1.169508909,52.85044968,Social Rented,6275
Norwich,1.279418606,52.6322924,Social Rented,19518
South Norfolk,1.275850453,52.51448675,Social Rented,7184
Craven,-2.174315011,54.07988758,Social Rented,2494
Hambleton,-1.319320546,54.28734471,Social Rented,5468
Harrogate,-1.595746175,54.06710448,Social Rented,7022
Richmondshire,-1.934005521,54.36151461,Social Rented,2441
Ryedale,-0.85166028,54.21044451,Social Rented,3171
Scarborough,-0.635270931,54.36642403,Social Rented,7070
Selby,-1.135296661,53.7874786,Social Rented,4851
Ashfield,-1.258340202,53.09175983,Social Rented,8130
Bassetlaw,-0.958783563,53.33290258,Social Rented,7697
Broxtowe,-1.26201293,52.97566594,Social Rented,5337
Gedling,-1.11934704,53.02855422,Social Rented,4995
Mansfield,-1.173739703,53.17095784,Social Rented,7865
Newark and Sherwood,-0.91989131,53.12402029,Social Rented,7413
Rushcliffe,-1.037443181,52.90065362,Social Rented,4273
Cherwell,-1.27610071,51.95856152,Social Rented,8742
Oxford,-1.241704101,51.75474979,Social Rented,11554
South Oxfordshire,-1.071041234,51.63382565,Social Rented,7386
Vale of White Horse,-1.440861855,51.63425356,Social Rented,8206
West Oxfordshire,-1.506881793,51.83767299,Social Rented,6363
Mendip,-2.544350678,51.20284921,Social Rented,6051
Sedgemoor,-2.953262913,51.18488562,Social Rented,6887
South Somerset,-2.709901213,50.98792153,Social Rented,10733
Cannock Chase,-1.980491882,52.71241859,Social Rented,7031
East Staffordshire,-1.81201615,52.86308344,Social Rented,6634
Lichfield,-1.804757128,52.68787378,Social Rented,5932
Newcastle-under-Lyme,-2.317909601,52.99374399,Social Rented,9142
South Staffordshire,-2.176525036,52.62500287,Social Rented,6471
Stafford,-2.176191074,52.84820474,Social Rented,8146
Staffordshire Moorlands,-1.981587362,53.07915595,Social Rented,3653
Tamworth,-1.676701947,52.6262752,Social Rented,5926
Babergh,0.914959047,52.05074378,Social Rented,5333
Ipswich,1.159292255,52.05520695,Social Rented,12368
Mid Suffolk,1.092631373,52.24679544,Social Rented,5011
Elmbridge,-0.39198564,51.35716789,Social Rented,5608
Epsom and Ewell,-0.261601077,51.33938795,Social Rented,2743
Guildford,-0.562222705,51.24797863,Social Rented,7066
Mole Valley,-0.32564805,51.2121891,Social Rented,4327
Reigate and Banstead,-0.19181452,51.25334988,Social Rented,6907
Runnymede,-0.540821274,51.393303,Social Rented,4499
Spelthorne,-0.467453203,51.42443395,Social Rented,5296
Surrey Heath,-0.671211347,51.3433395,Social Rented,3449
Tandridge,-0.043495129,51.22696644,Social Rented,3939
Waverley,-0.633469278,51.15013356,Social Rented,6427
Woking,-0.560499564,51.31452608,Social Rented,4792
North Warwickshire,-1.627622745,52.54712328,Social Rented,3752
Nuneaton and Bedworth,-1.475538461,52.50109525,Social Rented,8157
Rugby,-1.32820046,52.38445519,Social Rented,6074
Stratford-on-Avon,-1.622627172,52.17861308,Social Rented,7906
Warwick,-1.58320889,52.31016755,Social Rented,8804
Adur,-0.298974066,50.8437563,Social Rented,3436
Arun,-0.568039098,50.84056369,Social Rented,6774
Chichester,-0.742537073,50.93730724,Social Rented,8157
Crawley,-0.182070165,51.12556003,Social Rented,10432
Horsham,-0.36700229,50.9934095,Social Rented,7155
Mid Sussex,-0.127444733,51.02046572,Social Rented,6812
Worthing,-0.396273284,50.82872755,Social Rented,4845
Bromsgrove,-2.016741484,52.36216772,Social Rented,4417
Malvern Hills,-2.346178432,52.18309464,Social Rented,5001
Redditch,-1.951203011,52.28226014,Social Rented,7331
Worcester,-2.210907183,52.1962851,Social Rented,7269
Wychavon,-2.051236204,52.16495473,Social Rented,8954
Wyre Forest,-2.275643567,52.37964859,Social Rented,6411
St Albans,-0.342835545,51.77235326,Social Rented,7187
Welwyn Hatfield,-0.194360481,51.76773796,Social Rented,11714
East Hertfordshire,-0.00870922,51.86504088,Social Rented,8111
Stevenage,-0.190778925,51.90532164,Social Rented,9594
East Suffolk,1.462236463,52.23722196,Social Rented,14477
West Suffolk,0.621904761,52.27783559,Social Rented,12735
Somerset West and Taunton,-3.362799711,51.08681537,Social Rented,10615
Bolton,-2.466855489,53.5785946,Social Rented,23555
Bury,-2.312187462,53.5876146,Social Rented,12044
Manchester,-2.232642064,53.45090617,Social Rented,63276
Oldham,-2.051716708,53.55197818,Social Rented,19760
Rochdale,-2.157977236,53.61640542,Social Rented,18815
Salford,-2.370645819,53.48955544,Social Rented,29227
Stockport,-2.128115394,53.39381984,Social Rented,16849
Tameside,-2.062595076,53.4778151,Social Rented,21125
Trafford,-2.354567889,53.41944272,Social Rented,14419
Wigan,-2.589304302,53.52438255,Social Rented,24333
Knowsley,-2.833810968,53.42577631,Social Rented,16687
Liverpool,-2.916827009,53.39563214,Social Rented,54758
St. Helens,-2.722573442,53.45947892,Social Rented,15993
Sefton,-3.015411693,53.56598673,Social Rented,17735
Wirral,-3.092490981,53.36832384,Social Rented,22065
Barnsley,-1.532427925,53.53591856,Social Rented,21294
Doncaster,-1.095316654,53.54441256,Social Rented,22694
Rotherham,-1.286167732,53.40895027,Social Rented,23545
Sheffield,-1.550165536,53.40416175,Social Rented,52334
Newcastle upon Tyne,-1.65780706,55.00783594,Social Rented,33476
North Tyneside,-1.517595021,55.02809923,Social Rented,19765
South Tyneside,-1.443736794,54.96345859,Social Rented,20208
Sunderland,-1.452232617,54.8805122,Social Rented,32554
Birmingham,-1.874388371,52.4885375,Social Rented,99499
Coventry,-1.520150359,52.41735056,Social Rented,22766
Dudley,-2.108118761,52.48313905,Social Rented,26021
Sandwell,-2.008505062,52.51582047,Social Rented,34612
Solihull,-1.727800153,52.41279379,Social Rented,12532
Walsall,-1.966464676,52.59915138,Social Rented,26576
Wolverhampton,-2.120607317,52.58899967,Social Rented,26484
Bradford,-1.854799841,53.84480387,Social Rented,30731
Calderdale,-1.973799757,53.72119003,Social Rented,13170
Kirklees,-1.763291967,53.62742237,Social Rented,26288
Leeds,-1.50588865,53.8255701,Social Rented,69742
Wakefield,-1.411514615,53.66071437,Social Rented,33188
Gateshead,-1.683691689,54.93541833,Social Rented,22334
City of London,-0.09139891,51.51387518,Social Rented,730
Barking and Dagenham,0.133734378,51.54382086,Social Rented,23273
Barnet,-0.209097776,51.61599733,Social Rented,20034
Bexley,0.142777628,51.46092515,Social Rented,13977
Brent,-0.267642915,51.55940618,Social Rented,27876
Bromley,0.051075423,51.37209202,Social Rented,17926
Camden,-0.15650519,51.54561306,Social Rented,31250
Croydon,-0.08701249,51.35543964,Social Rented,27371
Ealing,-0.330330305,51.52234244,Social Rented,23382
Enfield,-0.087449771,51.65109953,Social Rented,20573
Greenwich,0.055474556,51.47432114,Social Rented,35327
Hackney,-0.063716753,51.55221341,Social Rented,42945
Hammersmith and Fulham,-0.221958108,51.49561249,Social Rented,24231
Haringey,-0.107074718,51.59012717,Social Rented,26474
Harrow,-0.342398985,51.59821634,Social Rented,9298
Havering,0.22076512,51.56309348,Social Rented,13807
Hillingdon,-0.445468857,51.54091423,Social Rented,17613
Hounslow,-0.366019011,51.46859919,Social Rented,21618
Islington,-0.110016873,51.54867902,Social Rented,38787
Kensington and Chelsea,-0.191895721,51.50057945,Social Rented,18430
Kingston upon Thames,-0.286456134,51.38690897,Social Rented,7244
Lambeth,-0.118775801,51.45429456,Social Rented,45243
Lewisham,-0.020137242,51.44870508,Social Rented,35753
Merton,-0.195734244,51.41025584,Social Rented,11599
Newham,0.037871856,51.52687365,Social Rented,32390
Redbridge,0.075865582,51.58511859,Social Rented,11707
Richmond upon Thames,-0.312616093,51.44260645,Social Rented,9752
Southwark,-0.074478372,51.47383789,Social Rented,51991
Sutton,-0.177749907,51.361997,Social Rented,11667
Tower Hamlets,-0.034247986,51.51600279,Social Rented,43237
Waltham Forest,-0.01310028,51.59377006,Social Rented,22099
Wandsworth,-0.187237692,51.45227037,Social Rented,26544
Westminster,-0.160511287,51.51353663,Social Rented,26810
Isle of Anglesey,-4.37472181,53.28617979,Social Rented,4820
Gwynedd,-4.024941446,52.89502809,Social Rented,8557
Conwy,-3.735824836,53.14080306,Social Rented,6257
Denbighshire,-3.354402384,53.09174947,Social Rented,5648
Flintshire,-3.163560806,53.21825045,Social Rented,9714
Wrexham,-3.017385479,52.99025997,Social Rented,12161
Ceredigion,-4.072462565,52.2560194,Social Rented,3239
Pembrokeshire,-4.886152911,51.85369052,Social Rented,8994
Carmarthenshire,-4.163230903,51.89922016,Social Rented,11698
Swansea,-4.061362498,51.64144135,Social Rented,20045
Neath Port Talbot,-3.743376404,51.68003448,Social Rented,11999
Bridgend,-3.600279809,51.55604066,Social Rented,8674
Vale of Glamorgan,-3.39990784,51.44488173,Social Rented,7023
Cardiff,-3.200572838,51.50867207,Social Rented,25278
Rhondda Cynon Taf,-3.436233101,51.65110363,Social Rented,14175
Caerphilly,-3.204795023,51.65314831,Social Rented,14323
Blaenau Gwent,-3.194049323,51.76642193,Social Rented,7194
Torfaen,-3.053352197,51.69905727,Social Rented,9575
Monmouthshire,-2.867501903,51.75787214,Social Rented,5743
Newport,-2.961684834,51.573778,Social Rented,12864
Powys,-3.409923737,52.32562857,Social Rented,8481
Merthyr Tydfil,-3.3606662,51.74007652,Social Rented,5626
Hartlepool,-1.255491673,54.6687524,Private Rent/Rent Free,7262
Middlesbrough,-1.222803326,54.54263426,Private Rent/Rent Free,12792
Redcar and Cleveland,-1.0215477,54.55345675,Private Rent/Rent Free,9789
Stockton-on-Tees,-1.32897817,54.56246316,Private Rent/Rent Free,14286
Darlington,-1.552697772,54.54875917,Private Rent/Rent Free,10098
Halton,-2.720016309,53.34379321,Private Rent/Rent Free,8063
Warrington,-2.562849436,53.39848758,Private Rent/Rent Free,13825
Blackburn with Darwen,-2.467125659,53.69224143,Private Rent/Rent Free,11897
Blackpool,-3.035480896,53.81754916,Private Rent/Rent Free,20636
"Kingston upon Hull, City of",-0.336393722,53.76014155,Private Rent/Rent Free,27982
East Riding of Yorkshire,-0.482243608,53.86796645,Private Rent/Rent Free,25954
North East Lincolnshire,-0.133932131,53.54403874,Private Rent/Rent Free,15693
North Lincolnshire,-0.592051957,53.59430536,Private Rent/Rent Free,12619
York,-1.060622908,53.95864242,Private Rent/Rent Free,17180
Derby,-1.468345352,52.91277199,Private Rent/Rent Free,22641
Leicester,-1.127552546,52.63828214,Private Rent/Rent Free,37802
Rutland,-0.654131628,52.66070059,Private Rent/Rent Free,2798
Nottingham,-1.175936864,52.96117684,Private Rent/Rent Free,36023
"Herefordshire, County of",-2.745674847,52.10375789,Private Rent/Rent Free,15639
Telford and Wrekin,-2.488480286,52.73019552,Private Rent/Rent Free,16275
Stoke-on-Trent,-2.165178307,53.01764815,Private Rent/Rent Free,22774
Bath and North East Somerset,-2.474413176,51.35610688,Private Rent/Rent Free,15364
"Bristol, City of",-2.77019708,51.45262518,Private Rent/Rent Free,50683
North Somerset,-2.799962352,51.38924102,Private Rent/Rent Free,17473
South Gloucestershire,-2.471175154,51.54735612,Private Rent/Rent Free,18640
Plymouth,-4.120169786,50.39116289,Private Rent/Rent Free,26059
Torbay,-3.530450608,50.44080631,Private Rent/Rent Free,16783
Swindon,-1.744335675,51.57133752,Private Rent/Rent Free,18671
Peterborough,-0.253777754,52.60847253,Private Rent/Rent Free,20714
Luton,-0.424494227,51.89426164,Private Rent/Rent Free,23014
Southend-on-Sea,0.728995239,51.53762932,Private Rent/Rent Free,20799
Thurrock,0.374103739,51.50602384,Private Rent/Rent Free,12179
Medway,0.570017714,51.42566667,Private Rent/Rent Free,22559
Bracknell Forest,-0.739927541,51.40780192,Private Rent/Rent Free,7938
West Berkshire,-1.304854635,51.44968897,Private Rent/Rent Free,11438
Reading,-0.984755179,51.4532474,Private Rent/Rent Free,21743
Slough,-0.586813114,51.50816196,Private Rent/Rent Free,16183
Windsor and Maidenhead,-0.698992594,51.48508413,Private Rent/Rent Free,12576
Wokingham,-0.884141546,51.42928171,Private Rent/Rent Free,9809
Milton Keynes,-0.733464556,52.08427496,Private Rent/Rent Free,23805
Brighton and Hove,-0.132123613,50.84329958,Private Rent/Rent Free,39937
Portsmouth,-1.078468108,50.82068758,Private Rent/Rent Free,24855
Southampton,-1.398613707,50.91698354,Private Rent/Rent Free,29994
Isle of Wight,-1.296861898,50.67568106,Private Rent/Rent Free,13389
County Durham,-1.839064804,54.69541122,Private Rent/Rent Free,40393
Cheshire East,-2.349049597,53.18059798,Private Rent/Rent Free,27193
Cheshire West and Chester,-2.736159909,53.20014942,Private Rent/Rent Free,24543
Shropshire,-2.734085762,52.63579668,Private Rent/Rent Free,24456
Cornwall,-4.825169974,50.40558138,Private Rent/Rent Free,49587
Isles of Scilly,-6.298785649,49.92068351,Private Rent/Rent Free,345
Wiltshire,-1.945053494,51.2973379,Private Rent/Rent Free,37540
Bedford,-0.476597843,52.18934847,Private Rent/Rent Free,14358
Central Bedfordshire,-0.436279775,52.00665229,Private Rent/Rent Free,16642
Northumberland,-2.065310563,55.24272759,Private Rent/Rent Free,24248
"Bournemouth, Christchurch and Poole",-1.882878934,50.74671957,Private Rent/Rent Free,44293
Dorset,-2.333598515,50.80597544,Private Rent/Rent Free,27651
Buckinghamshire,-0.812083184,51.78521255,Private Rent/Rent Free,34740
North Northamptonshire,-0.626317019,52.42512438,Private Rent/Rent Free,27625
West Northamptonshire,-1.036377869,52.22299295,Private Rent/Rent Free,33226
Cambridge,0.131519818,52.19878641,Private Rent/Rent Free,16581
East Cambridgeshire,0.295246863,52.34288539,Private Rent/Rent Free,6130
Fenland,0.061111401,52.56272235,Private Rent/Rent Free,8814
Huntingdonshire,-0.220643903,52.37391109,Private Rent/Rent Free,12920
South Cambridgeshire,0.083682833,52.17420306,Private Rent/Rent Free,9461
Allerdale,-3.246882232,54.71139034,Private Rent/Rent Free,5373
Barrow-in-Furness,-3.21295987,54.12567821,Private Rent/Rent Free,5293
Carlisle,-2.808328857,54.97104294,Private Rent/Rent Free,8925
Copeland,-3.374034442,54.41419188,Private Rent/Rent Free,3424
Eden,-2.621887446,54.61288528,Private Rent/Rent Free,4452
South Lakeland,-2.850761571,54.29246643,Private Rent/Rent Free,8002
Amber Valley,-1.466961273,53.02952476,Private Rent/Rent Free,8286
Bolsover,-1.277171438,53.21522248,Private Rent/Rent Free,6119
Chesterfield,-1.401065008,53.25538362,Private Rent/Rent Free,7860
Derbyshire Dales,-1.694306732,53.12866005,Private Rent/Rent Free,4660
Erewash,-1.347167505,52.93521496,Private Rent/Rent Free,8501
High Peak,-1.873781106,53.37334676,Private Rent/Rent Free,6602
North East Derbyshire,-1.447689952,53.22607587,Private Rent/Rent Free,4694
South Derbyshire,-1.559800243,52.83078401,Private Rent/Rent Free,6696
East Devon,-3.223581574,50.76412007,Private Rent/Rent Free,10748
Exeter,-3.510156903,50.72184259,Private Rent/Rent Free,13172
Mid Devon,-3.556215665,50.87581723,Private Rent/Rent Free,6664
North Devon,-3.914595449,51.06972399,Private Rent/Rent Free,8830
South Hams,-3.823395708,50.37345689,Private Rent/Rent Free,6340
Teignbridge,-3.656907725,50.6063386,Private Rent/Rent Free,10709
Torridge,-4.248486013,50.88591211,Private Rent/Rent Free,6160
West Devon,-4.045973588,50.65587486,Private Rent/Rent Free,4535
Eastbourne,0.26546236,50.77531616,Private Rent/Rent Free,12171
Hastings,0.570346392,50.8694871,Private Rent/Rent Free,11590
Lewes,0.005264897,50.88150528,Private Rent/Rent Free,7431
Rother,0.538581664,50.95178525,Private Rent/Rent Free,6832
Wealden,0.197874462,50.96758569,Private Rent/Rent Free,9228
Basildon,0.465679283,51.59033466,Private Rent/Rent Free,10977
Braintree,0.590114655,51.942004,Private Rent/Rent Free,9825
Brentwood,0.310749909,51.63854708,Private Rent/Rent Free,5211
Castle Point,0.593693535,51.53628576,Private Rent/Rent Free,5266
Chelmsford,0.480997185,51.72544859,Private Rent/Rent Free,11757
Colchester,0.86138368,51.87261073,Private Rent/Rent Free,17229
Epping Forest,0.14822602,51.70876461,Private Rent/Rent Free,8226
Harlow,0.108905467,51.76897982,Private Rent/Rent Free,5915
Maldon,0.783836065,51.70919684,Private Rent/Rent Free,3283
Rochford,0.810140477,51.59115862,Private Rent/Rent Free,3808
Tendring,1.115496807,51.87126931,Private Rent/Rent Free,13417
Uttlesford,0.279512164,51.93486071,Private Rent/Rent Free,5401
Cheltenham,-2.072887206,51.89628748,Private Rent/Rent Free,12435
Cotswold,-1.892465444,51.81643589,Private Rent/Rent Free,7059
Forest of Dean,-2.489829872,51.82865316,Private Rent/Rent Free,5044
Gloucester,-2.240448274,51.84987819,Private Rent/Rent Free,11860
Stroud,-2.300134096,51.72963652,Private Rent/Rent Free,7237
Tewkesbury,-2.088020906,51.94558768,Private Rent/Rent Free,5856
Basingstoke and Deane,-1.201244159,51.27348604,Private Rent/Rent Free,11814
East Hampshire,-0.95483852,51.0744378,Private Rent/Rent Free,6885
Eastleigh,-1.327904779,50.93309664,Private Rent/Rent Free,7943
Fareham,-1.226221305,50.8524203,Private Rent/Rent Free,6147
Gosport,-1.158812768,50.80548305,Private Rent/Rent Free,6775
Hart,-0.897883065,51.28474992,Private Rent/Rent Free,5447
Havant,-0.989837407,50.83874512,Private Rent/Rent Free,6736
New Forest,-1.625525482,50.85859358,Private Rent/Rent Free,11175
Rushmoor,-0.767550882,51.27424876,Private Rent/Rent Free,8481
Test Valley,-1.511029682,51.1284833,Private Rent/Rent Free,8099
Winchester,-1.221369927,51.02823248,Private Rent/Rent Free,9155
Broxbourne,-0.048278215,51.72431754,Private Rent/Rent Free,6390
Dacorum,-0.540983785,51.77833683,Private Rent/Rent Free,9163
Hertsmere,-0.280656855,51.67740519,Private Rent/Rent Free,7394
North Hertfordshire,-0.192412242,51.95931788,Private Rent/Rent Free,8736
Three Rivers,-0.460778533,51.66126119,Private Rent/Rent Free,4974
Watford,-0.402759346,51.66808894,Private Rent/Rent Free,11193
Ashford,0.81191686,51.12520995,Private Rent/Rent Free,9568
Canterbury,1.101422554,51.28328431,Private Rent/Rent Free,14093
Dartford,0.2540746,51.43142598,Private Rent/Rent Free,8342
Dover,1.289170214,51.21240819,Private Rent/Rent Free,9648
Gravesham,0.396045524,51.40558903,Private Rent/Rent Free,8051
Maidstone,0.580573702,51.23479262,Private Rent/Rent Free,12360
Sevenoaks,0.171701145,51.27599765,Private Rent/Rent Free,6570
Folkestone and Hythe,0.995724342,51.054408,Private Rent/Rent Free,10914
Swale,0.812481002,51.34171891,Private Rent/Rent Free,11119
Thanet,1.340396403,51.35426394,Private Rent/Rent Free,16360
Tonbridge and Malling,0.357090525,51.27296673,Private Rent/Rent Free,6703
Tunbridge Wells,0.430918392,51.11408369,Private Rent/Rent Free,9281
Burnley,-2.221402157,53.77886155,Private Rent/Rent Free,9735
Chorley,-2.648161855,53.66120381,Private Rent/Rent Free,6984
Fylde,-2.922332455,53.784236,Private Rent/Rent Free,7240
Hyndburn,-2.389563336,53.75887795,Private Rent/Rent Free,8055
Lancaster,-2.714570992,54.06913539,Private Rent/Rent Free,13071
Pendle,-2.185645787,53.86547477,Private Rent/Rent Free,8772
Preston,-2.697257226,53.81153827,Private Rent/Rent Free,13370
Ribble Valley,-2.445112004,53.90724193,Private Rent/Rent Free,4004
Rossendale,-2.266892572,53.69404607,Private Rent/Rent Free,5225
South Ribble,-2.710691477,53.72807753,Private Rent/Rent Free,6223
West Lancashire,-2.882483652,53.6095753,Private Rent/Rent Free,6809
Wyre,-2.853666495,53.90293103,Private Rent/Rent Free,9253
Blaby,-1.221576853,52.57168276,Private Rent/Rent Free,5457
Charnwood,-1.14633676,52.73704582,Private Rent/Rent Free,12880
Harborough,-1.007699842,52.53951562,Private Rent/Rent Free,5446
Hinckley and Bosworth,-1.390600303,52.61663473,Private Rent/Rent Free,7156
Melton,-0.855997158,52.79672433,Private Rent/Rent Free,3903
North West Leicestershire,-1.405140341,52.753195,Private Rent/Rent Free,6117
Oadby and Wigston,-1.093311627,52.58698967,Private Rent/Rent Free,3648
Boston,-0.0217859,52.97429147,Private Rent/Rent Free,5997
East Lindsey,0.029920432,53.24995025,Private Rent/Rent Free,13128
Lincoln,-0.554931188,53.22472406,Private Rent/Rent Free,11700
North Kesteven,-0.445942716,53.08121531,Private Rent/Rent Free,8230
South Holland,-0.031965865,52.79785002,Private Rent/Rent Free,7010
South Kesteven,-0.51836719,52.8547449,Private Rent/Rent Free,11422
West Lindsey,-0.477428025,53.39286308,Private Rent/Rent Free,7590
Breckland,0.836890107,52.58811364,Private Rent/Rent Free,10957
Broadland,1.309592347,52.70135623,Private Rent/Rent Free,7107
Great Yarmouth,1.661431393,52.64083725,Private Rent/Rent Free,9683
King's Lynn and West Norfolk,0.47064174,52.7271544,Private Rent/Rent Free,12758
North Norfolk,1.169508909,52.85044968,Private Rent/Rent Free,8556
Norwich,1.279418606,52.6322924,Private Rent/Rent Free,17467
South Norfolk,1.275850453,52.51448675,Private Rent/Rent Free,8546
Craven,-2.174315011,54.07988758,Private Rent/Rent Free,4728
Hambleton,-1.319320546,54.28734471,Private Rent/Rent Free,6832
Harrogate,-1.595746175,54.06710448,Private Rent/Rent Free,13593
Richmondshire,-1.934005521,54.36151461,Private Rent/Rent Free,4894
Ryedale,-0.85166028,54.21044451,Private Rent/Rent Free,4848
Scarborough,-0.635270931,54.36642403,Private Rent/Rent Free,11098
Selby,-1.135296661,53.7874786,Private Rent/Rent Free,5349
Ashfield,-1.258340202,53.09175983,Private Rent/Rent Free,9408
Bassetlaw,-0.958783563,53.33290258,Private Rent/Rent Free,8430
Broxtowe,-1.26201293,52.97566594,Private Rent/Rent Free,8420
Gedling,-1.11934704,53.02855422,Private Rent/Rent Free,8220
Mansfield,-1.173739703,53.17095784,Private Rent/Rent Free,9196
Newark and Sherwood,-0.91989131,53.12402029,Private Rent/Rent Free,8689
Rushcliffe,-1.037443181,52.90065362,Private Rent/Rent Free,7325
Cherwell,-1.27610071,51.95856152,Private Rent/Rent Free,13059
Oxford,-1.241704101,51.75474979,Private Rent/Rent Free,17857
South Oxfordshire,-1.071041234,51.63382565,Private Rent/Rent Free,9801
Vale of White Horse,-1.440861855,51.63425356,Private Rent/Rent Free,9026
West Oxfordshire,-1.506881793,51.83767299,Private Rent/Rent Free,8578
Mendip,-2.544350678,51.20284921,Private Rent/Rent Free,9097
Sedgemoor,-2.953262913,51.18488562,Private Rent/Rent Free,9703
South Somerset,-2.709901213,50.98792153,Private Rent/Rent Free,12782
Cannock Chase,-1.980491882,52.71241859,Private Rent/Rent Free,6972
East Staffordshire,-1.81201615,52.86308344,Private Rent/Rent Free,10024
Lichfield,-1.804757128,52.68787378,Private Rent/Rent Free,5825
Newcastle-under-Lyme,-2.317909601,52.99374399,Private Rent/Rent Free,7780
South Staffordshire,-2.176525036,52.62500287,Private Rent/Rent Free,4889
Stafford,-2.176191074,52.84820474,Private Rent/Rent Free,9369
Staffordshire Moorlands,-1.981587362,53.07915595,Private Rent/Rent Free,5397
Tamworth,-1.676701947,52.6262752,Private Rent/Rent Free,4699
Babergh,0.914959047,52.05074378,Private Rent/Rent Free,6020
Ipswich,1.159292255,52.05520695,Private Rent/Rent Free,13794
Mid Suffolk,1.092631373,52.24679544,Private Rent/Rent Free,6129
Elmbridge,-0.39198564,51.35716789,Private Rent/Rent Free,9752
Epsom and Ewell,-0.261601077,51.33938795,Private Rent/Rent Free,5053
Guildford,-0.562222705,51.24797863,Private Rent/Rent Free,10981
Mole Valley,-0.32564805,51.2121891,Private Rent/Rent Free,5243
Reigate and Banstead,-0.19181452,51.25334988,Private Rent/Rent Free,9403
Runnymede,-0.540821274,51.393303,Private Rent/Rent Free,6692
Spelthorne,-0.467453203,51.42443395,Private Rent/Rent Free,7508
Surrey Heath,-0.671211347,51.3433395,Private Rent/Rent Free,5544
Tandridge,-0.043495129,51.22696644,Private Rent/Rent Free,4743
Waverley,-0.633469278,51.15013356,Private Rent/Rent Free,7742
Woking,-0.560499564,51.31452608,Private Rent/Rent Free,8777
North Warwickshire,-1.627622745,52.54712328,Private Rent/Rent Free,4154
Nuneaton and Bedworth,-1.475538461,52.50109525,Private Rent/Rent Free,9463
Rugby,-1.32820046,52.38445519,Private Rent/Rent Free,8534
Stratford-on-Avon,-1.622627172,52.17861308,Private Rent/Rent Free,8374
Warwick,-1.58320889,52.31016755,Private Rent/Rent Free,11963
Adur,-0.298974066,50.8437563,Private Rent/Rent Free,4122
Arun,-0.568039098,50.84056369,Private Rent/Rent Free,13281
Chichester,-0.742537073,50.93730724,Private Rent/Rent Free,9835
Crawley,-0.182070165,51.12556003,Private Rent/Rent Free,9147
Horsham,-0.36700229,50.9934095,Private Rent/Rent Free,9078
Mid Sussex,-0.127444733,51.02046572,Private Rent/Rent Free,9714
Worthing,-0.396273284,50.82872755,Private Rent/Rent Free,10931
Bromsgrove,-2.016741484,52.36216772,Private Rent/Rent Free,4395
Malvern Hills,-2.346178432,52.18309464,Private Rent/Rent Free,4664
Redditch,-1.951203011,52.28226014,Private Rent/Rent Free,5318
Worcester,-2.210907183,52.1962851,Private Rent/Rent Free,9521
Wychavon,-2.051236204,52.16495473,Private Rent/Rent Free,7509
Wyre Forest,-2.275643567,52.37964859,Private Rent/Rent Free,7287
St Albans,-0.342835545,51.77235326,Private Rent/Rent Free,9654
Welwyn Hatfield,-0.194360481,51.76773796,Private Rent/Rent Free,7672
East Hertfordshire,-0.00870922,51.86504088,Private Rent/Rent Free,9987
Stevenage,-0.190778925,51.90532164,Private Rent/Rent Free,5496
East Suffolk,1.462236463,52.23722196,Private Rent/Rent Free,19549
West Suffolk,0.621904761,52.27783559,Private Rent/Rent Free,17681
Somerset West and Taunton,-3.362799711,51.08681537,Private Rent/Rent Free,12957
Bolton,-2.466855489,53.5785946,Private Rent/Rent Free,21659
Bury,-2.312187462,53.5876146,Private Rent/Rent Free,14368
Manchester,-2.232642064,53.45090617,Private Rent/Rent Free,69850
Oldham,-2.051716708,53.55197818,Private Rent/Rent Free,16739
Rochdale,-2.157977236,53.61640542,Private Rent/Rent Free,16688
Salford,-2.370645819,53.48955544,Private Rent/Rent Free,31176
Stockport,-2.128115394,53.39381984,Private Rent/Rent Free,18288
Tameside,-2.062595076,53.4778151,Private Rent/Rent Free,17561
Trafford,-2.354567889,53.41944272,Private Rent/Rent Free,14809
Wigan,-2.589304302,53.52438255,Private Rent/Rent Free,23139
Knowsley,-2.833810968,53.42577631,Private Rent/Rent Free,9557
Liverpool,-2.916827009,53.39563214,Private Rent/Rent Free,54314
St. Helens,-2.722573442,53.45947892,Private Rent/Rent Free,12344
Sefton,-3.015411693,53.56598673,Private Rent/Rent Free,22502
Wirral,-3.092490981,53.36832384,Private Rent/Rent Free,27186
Barnsley,-1.532427925,53.53591856,Private Rent/Rent Free,18884
Doncaster,-1.095316654,53.54441256,Private Rent/Rent Free,26340
Rotherham,-1.286167732,53.40895027,Private Rent/Rent Free,17418
Sheffield,-1.550165536,53.40416175,Private Rent/Rent Free,43661
Newcastle upon Tyne,-1.65780706,55.00783594,Private Rent/Rent Free,28265
North Tyneside,-1.517595021,55.02809923,Private Rent/Rent Free,14692
South Tyneside,-1.443736794,54.96345859,Private Rent/Rent Free,9089
Sunderland,-1.452232617,54.8805122,Private Rent/Rent Free,18147
Birmingham,-1.874388371,52.4885375,Private Rent/Rent Free,97299
Coventry,-1.520150359,52.41735056,Private Rent/Rent Free,33406
Dudley,-2.108118761,52.48313905,Private Rent/Rent Free,19377
Sandwell,-2.008505062,52.51582047,Private Rent/Rent Free,24999
Solihull,-1.727800153,52.41279379,Private Rent/Rent Free,11602
Walsall,-1.966464676,52.59915138,Private Rent/Rent Free,18504
Wolverhampton,-2.120607317,52.58899967,Private Rent/Rent Free,20403
Bradford,-1.854799841,53.84480387,Private Rent/Rent Free,48520
Calderdale,-1.973799757,53.72119003,Private Rent/Rent Free,18501
Kirklees,-1.763291967,53.62742237,Private Rent/Rent Free,34417
Leeds,-1.50588865,53.8255701,Private Rent/Rent Free,75193
Wakefield,-1.411514615,53.66071437,Private Rent/Rent Free,22861
Gateshead,-1.683691689,54.93541833,Private Rent/Rent Free,14706
City of London,-0.09139891,51.51387518,Private Rent/Rent Free,2378
Barking and Dagenham,0.133734378,51.54382086,Private Rent/Rent Free,18036
Barnet,-0.209097776,51.61599733,Private Rent/Rent Free,48843
Bexley,0.142777628,51.46092515,Private Rent/Rent Free,14643
Brent,-0.267642915,51.55940618,Private Rent/Rent Free,42897
Bromley,0.051075423,51.37209202,Private Rent/Rent Free,23708
Camden,-0.15650519,51.54561306,Private Rent/Rent Free,33286
Croydon,-0.08701249,51.35543964,Private Rent/Rent Free,39724
Ealing,-0.330330305,51.52234244,Private Rent/Rent Free,45803
Enfield,-0.087449771,51.65109953,Private Rent/Rent Free,35684
Greenwich,0.055474556,51.47432114,Private Rent/Rent Free,29326
Hackney,-0.063716753,51.55221341,Private Rent/Rent Free,34406
Hammersmith and Fulham,-0.221958108,51.49561249,Private Rent/Rent Free,29715
Haringey,-0.107074718,51.59012717,Private Rent/Rent Free,37769
Harrow,-0.342398985,51.59821634,Private Rent/Rent Free,26647
Havering,0.22076512,51.56309348,Private Rent/Rent Free,16114
Hillingdon,-0.445468857,51.54091423,Private Rent/Rent Free,28411
Hounslow,-0.366019011,51.46859919,Private Rent/Rent Free,32074
Islington,-0.110016873,51.54867902,Private Rent/Rent Free,30389
Kensington and Chelsea,-0.191895721,51.50057945,Private Rent/Rent Free,26587
Kingston upon Thames,-0.286456134,51.38690897,Private Rent/Rent Free,17987
Lambeth,-0.118775801,51.45429456,Private Rent/Rent Free,42535
Lewisham,-0.020137242,51.44870508,Private Rent/Rent Free,33466
Merton,-0.195734244,51.41025584,Private Rent/Rent Free,23790
Newham,0.037871856,51.52687365,Private Rent/Rent Free,44803
Redbridge,0.075865582,51.58511859,Private Rent/Rent Free,31803
Richmond upon Thames,-0.312616093,51.44260645,Private Rent/Rent Free,20031
Southwark,-0.074478372,51.47383789,Private Rent/Rent Free,37898
Sutton,-0.177749907,51.361997,Private Rent/Rent Free,16744
Tower Hamlets,-0.034247986,51.51600279,Private Rent/Rent Free,46276
Waltham Forest,-0.01310028,51.59377006,Private Rent/Rent Free,28746
Wandsworth,-0.187237692,51.45227037,Private Rent/Rent Free,50014
Westminster,-0.160511287,51.51353663,Private Rent/Rent Free,41349
Isle of Anglesey,-4.37472181,53.28617979,Private Rent/Rent Free,4897
Gwynedd,-4.024941446,52.89502809,Private Rent/Rent Free,8970
Conwy,-3.735824836,53.14080306,Private Rent/Rent Free,9961
Denbighshire,-3.354402384,53.09174947,Private Rent/Rent Free,8565
Flintshire,-3.163560806,53.21825045,Private Rent/Rent Free,8871
Wrexham,-3.017385479,52.99025997,Private Rent/Rent Free,9354
Ceredigion,-4.072462565,52.2560194,Private Rent/Rent Free,6380
Pembrokeshire,-4.886152911,51.85369052,Private Rent/Rent Free,9149
Carmarthenshire,-4.163230903,51.89922016,Private Rent/Rent Free,12287
Swansea,-4.061362498,51.64144135,Private Rent/Rent Free,19216
Neath Port Talbot,-3.743376404,51.68003448,Private Rent/Rent Free,8768
Bridgend,-3.600279809,51.55604066,Private Rent/Rent Free,9589
Vale of Glamorgan,-3.39990784,51.44488173,Private Rent/Rent Free,9008
Cardiff,-3.200572838,51.50867207,Private Rent/Rent Free,36189
Rhondda Cynon Taf,-3.436233101,51.65110363,Private Rent/Rent Free,18362
Caerphilly,-3.204795023,51.65314831,Private Rent/Rent Free,10202
Blaenau Gwent,-3.194049323,51.76642193,Private Rent/Rent Free,4888
Torfaen,-3.053352197,51.69905727,Private Rent/Rent Free,4528
Monmouthshire,-2.867501903,51.75787214,Private Rent/Rent Free,5603
Newport,-2.961684834,51.573778,Private Rent/Rent Free,11157
Powys,-3.409923737,52.32562857,Private Rent/Rent Free,10866
Merthyr Tydfil,-3.3606662,51.74007652,Private Rent/Rent Free,4011
